964ddf1264b14499b4d8ec8985e4764365c45ec229e67764cea5d48c93039facffdb35fc7f6b7abb662ef7c29f2ff13d079771ad3c3841a34f19d1e522e7e1f2	mcvspeaker000
3fe3c2b190ec45af2250d24163bc90aaa0dd846d2f689506fac82b2dcf380b8579a678345a0e93c8a74e2a9664618e468b2a26dcbc31eceb534679f5895452fa	mcvspeaker001
8e3d1b88a01dbe8734c7f88d2ed6002fa846258f7448e84186568ec43678d1cc6d2431f5f1036fa11fa779d5f746a404579ad315c976814c03bb731005829196	mcvspeaker002
3caba80b9d25f17bc11ab9b862d184ffcc9af1d47c4b7690a135b1e2a31c0ab2acdf4e0c903811ed747a5bc402a7e8fd789599f0e74009178fcdf2f7cce81aa0	mcvspeaker003
67b0cd1fc7022e98ce757683329a37cdd3f2ef0da94e07b80cc457de4bcf8ee8afd760a97145eb1f22ce73dac2bd025f5cc9a7cf48a29669d3be01d14402fd4b	mcvspeaker004
e8148cb49b694d30f54ac2ee12beb695db24b09f5c1250c1bdba9e17a75d8d39bcf41b06eb64a9dfc8a2373c4fb18edd72af77b5dfff5516a801b0c6d4f19901	mcvspeaker005
bf411ffbff0a74038b899996680137a5d8f2ca23691e31e6d47a17a30fd2ca64818b98268264686e5f95b6c7edbb2f676baabbc04e9894d73bdb2b66b89399f3	mcvspeaker006
237e81fc51f15ecd6110e84cd348aa161f160c2fe66f3473ab636219b328f68022217c3233cd44712256c5c6b47be952fae445217e29ee43bb3ac6d00fe56e9b	mcvspeaker007
c6813d9aba39f69b1ea32f32b4fe293303737deb3b1634375ff81d0c921efc6107bf908ec58f6a8d5dd429078c01baafba6cef98032fbde317fb0ad220726899	mcvspeaker008
b887da2149d0615e804e61f50e50d05c91dd11eee2e92adb099cd7e4fd8f21a0782c4267e806f295c24641486c6f3cf546926966d8772195dc8d6f9a39f51694	mcvspeaker009
f1fd0df76938be5f665b3ba5d1eea5edabcfd089eb42eec5c62ba983ea287eca4963f6a0b7a0741d8c5669008300860d8010eec0ccca284135aac4c08afa0dce	mcvspeaker010
e730838facb754e08f05064ff9eabb6dc1ccdb98b5465a40349e34107f32e66e09fc3ce82d03ac8c532cd4e3fb6eabb8cb6c7ef831c1852d3253067171fb54e9	mcvspeaker011
2d0bfabd10c89860a82707251fd6c35697751400af2fde7eadac04c4e3304399dd70401f1b6477bddbfbea816bb66ecb8d441338dcbe45999773540511464362	mcvspeaker012
2742945d1663e95a868d1320910cf9400671ebda6cca1a40c2ac493aca83722a91b62ea00a5f13538480d333c4914896ef3082fb97eea29670142c29dd6ca690	mcvspeaker013
70a7d1ebc8bf7da7b706c69037472e45074b685bdccafb5ab4185af1a6b924651113bab512c207cc01e7a4881912865991d0e16ae292270f16fc2ff983368b55	mcvspeaker014
c3269a0ac4b8deec4bd773e8f320f148bf95e9fc042d54f6ae07e2966350685f1dc66099327f313b96c7c6c67c76fc3720b41545517fedccc353982b9033dc37	mcvspeaker015
22d6dc63948e6f38c63ddabfcf15a101acd239d0fe6a214b228c154668ee68244f15b3ae719ba3e0540c438c23c0dbf9c4800a2b707dd90991ae4455ddb7ec90	mcvspeaker016
9681c0d6439e8f1ec6c08514abc84298cf6c93402bdeec385d16ce590c9c2be8197b9cf48b1cdb5e5a79d8c55dbe1ce254a63ad5602d98a100eebaadcf86d2f4	mcvspeaker017
f1a6766bf84055695d9ec95ee620fc7649149bdc639efda315f636f6b55577abeb4416ff7fd42233cb526ca348708031fff9b52c0536a2583742c02bae669eeb	mcvspeaker018
3a72e1810cef6f50988092c2300aa21a78f5f631fdbac4213f4a95512d304ccfdab79198d6af06042cd328d4126417d2f8008f37005b00e003d2701bfabb22d1	mcvspeaker019
28cf627d9ee314cd9754f441e88175523da18fe65c448b3d0c2d619323c06e50f8b80994671355d75fc0f0fd29d1f90f42c3d744a51249b5e81d11a36359db9a	mcvspeaker020
375a3798255c1b855a912ec51583ec0a9216a48f8ce85a994be487c3cabdbe0f7252fb6c578ab334645aec604c998d82991f5aa9de0bbc0cdb1ce2141221630b	mcvspeaker021
9ca2ed5bc28dd98f0c0a555550fd81eea955484e6163bdd69334c5adb74d8e2f251169a791e0310698ec50bd6fe0bd31d8b5e24692d70f61acd97bf5f3b723e3	mcvspeaker022
d7636e8a7517ad3e044efee081f83e81fabf993131ce0e10ad1e1198ee93c50e365fa65eb257c747d7d53e8d8371db1ce0c2c93fac49228c1b5d8eb7f7194d55	mcvspeaker023
e69b4c10aaa1ff64d569a743c28f87d9c0d3d831a3d21e6f4534994132003d4f02a7a0a531def61347a6ee19cd733bad25df99124ec6aa179f4b37f871e20a84	mcvspeaker024
3cf775e180128a73bc2770d8c44bb0599a8cb5a45929644e010415e8430e76317eefbe61868f074f5f0d0bce6d20b3e78113d65d9e7343a77d852dc6ebc7f39d	mcvspeaker025
37651b5dec55386b0852071f4f6dd1552cf42a1d0f6267d8f2de432f7e214588a89d00a82f4eaa33227ad5b718aa668536032948ac8bcbad5985ebde6fb65257	mcvspeaker026
4fb74238e989af782aa95e48823fabaf63dec8c1ca78bc331b9a0df2ce7e94330e3550e3b1c0a0acdfd7c4fa78fb82df6c330672eeb5e30884d3d78f2d67c25b	mcvspeaker027
e6f357becbe14445e9e5dd0a731bec02607d30241a7bc8cc87ca986883545a6eb2e27495240aa33ebae6ff627b9b90ad6b33db1328b3e7225786dfb84a7091c9	mcvspeaker028
ddbad6a57ef7675b79713042a4767902476d1cc29bac77c8c8e73fca0e87fcde3e8e6e570da59ee322a892a787c41922ed0230fefd7cc333034e5600c388fa73	mcvspeaker029
d8be8ebf5cdcaae2c1e0f7fdfd220312356665acd05d7ce0f4bfe14ef50c2ef4045eb8941be397386de5faf3435dfb5da4ce31cdf275158ecf68e493e9437e42	mcvspeaker030
1611748d32f931a24aa2a413c4e253820572fda3c02685d7ffbd5418294318a02bb1fcef6f5d4a281fd152f874b4b891d6a2077f30ff5b8df3bc6e1f031f68a1	mcvspeaker031
4498fc8a02fdc71bd6238e7020b44ddb11b2922e44e1fda1ccc177f6d24c99b0ef8b526c40d48f44b73cf32a8138e49b9e0fc93e64be8c318d8b7b9f84870bfa	mcvspeaker032
fbd51eff0480728c692d81dc1acd17b9f2f1c6486bbe9b8ba47ef994c4029e910a97f28eaa6b98d335b7dab4c29006fef3ba941bd8e433afaa876dcccfb4415b	mcvspeaker033
599403d2b606181f0059a633b0e432c87dcbc2fbb46f2c0dae72e03f228e4be5dc89ac267b8f2c1a6974fc2c950eca9e17b2c96e00be1b111509ad20ab21f5a4	mcvspeaker034
4a9babda8317291fc856f1de018fe2f6886290ed3a41bf586a89a37bea68f30bc246d292793e621667e63bfd640044c176057d5137999dad918b72865a17a020	mcvspeaker035
0607a6a291680d541fb692b56ff59bf8f79a0f5afac73bdd713122867171ce00d2ae10930588e70bcb5ec8440c8edcce838e04609b4292c24aae7ca6ecac8e14	mcvspeaker036
059fc35724276f212d1d97f6c763fc7e2a894649d55c88a72e0b3ff66efe6ca6d126bc23abd7028b9c657a871c59f7272113aa1b39e97cf4c1e3dea1a742ec42	mcvspeaker037
81189d7a62d4bd2291d38731fcf67817ad23ff7597198039d01cb0139c2b4028721b3204c50a0bf42feb3db4bd5727133e822da47d5d3b5846185b2082d6aa06	mcvspeaker038
b0f3a5c7e2b4c734b45234f508be40642c01d6505ea713a8dae13c383f2c503c2ff1194e3dfc74593b82162f7afffd614f8f2523ec98f2042c699e06fab4f7e9	mcvspeaker039
9f4757293d20f19c3eadeaae6c2129faa44f5febd6414edfd233181d93c18712a11fc0840f96cbcb1222284868623132ed6326a23ad1f31ea9d8ce368cc63bfd	mcvspeaker040
8d7b42ba284b9d5518751840465d2722bd1b57c80dc04aa81c0220ace7ddbd20f32c9fa59e7365e2938b1f5fc17458b09428323cb16ab26dd4e3a4977a5214a9	mcvspeaker041
dc5687b4e28839dd546710dd7b91fed258f29439310b7dd1dc2ab215dce2baa02e21ada70f6d066f762c9a3a28594c19a9158a450ddb47e026031c84133ae85f	mcvspeaker042
6583c350ab3fb877040ff4e9933b0178a11c5549593d72008396ce8542ffc0fa31dfd81bbe9d37ed8883b7e06a13892f338b9771ffc554c77df440b432fd512b	mcvspeaker043
ad2e1fe04f1cdbd2270bf98e78e3caf516fa1b2897541d219ced607c1118312d1908129a96c40260f9aa3a4dfb9f1c485b00ad52045e05021d9c51f708849f96	mcvspeaker044
cdfde99dcabb348bba9264854d00a65bcce58b8793e2a3b3f0b4185cdedf9f10bd541e818c1e149ac01138cf56acb755aa2af7d1fc4ef96234846b50921be8aa	mcvspeaker045
bdaa41ac06ac65671a7060a0d07a484db1e15294e1301a925992ece209fe4beae341a64baf8f75b4b07634a04aafd5f40fc9f92c5fb7a80ab9323d220340cc93	mcvspeaker046
dc0cdde49524b40438bc8057ef9ebc4b3491717679dffee2fe01179ce8f4ca00b58691bb81cb982c0fa8f0f0ebbd1927d32c0a762981f5c3b5d3b1addcde1f27	mcvspeaker047
61846f5ec42bf94a33806bb8a73d47bc023772b95e8210d798a53aece8a99f48db280a903bcd67d00a1a2305bfae7cf7275a72d06c1b111aeeee0b6919fe57ac	mcvspeaker048
7d61a7238caeb62624af2b9c202edbfc534e7955658646d703f0b4212b18d00056b427312cb9dbbc691276bf559d5d63fd393e70c9305c3eef379296caf0d8a5	mcvspeaker049
ce7072d36ba8b052400563143bf158a11436326094cb433f6c6497a9daba7da09b84c0a0ccd252ef6e49c73383ae1cf81efb2d2761b47d0dac495ff2b7419d74	mcvspeaker050
5a3cbb532b4b5d8675125dc4718583ae5b281d9e1f61acd822885f96b480d526ef79808f60c9718b05ff6ed2c1d40e462a832c883e7b56b00ee068edb6181436	mcvspeaker051
8b7f7345e4625962ebd42653a96f7494ba66aff949c5d4cb47d583993807ee3928e9d38b96ca620dd98ab8ca22ca86afa73e02d289950ab233eeecb5d726ef74	mcvspeaker052
be642d561f87d3a27b08347506c1f51166f1491043a652f4c9a1ab344c1e175b722fdafddf8778c5be20d2df7955eec3e77a967ee1f99a6ba03b537370269610	mcvspeaker053
4de7538e7130409f1c647ba51692971884eca71f7c9b09b6861e8a344cbae7d4d241333689af61e00ac0db87978f91abc96e39a4789b9d90aec70221761671cd	mcvspeaker054
37a33c04305e524f78239019a03ed50c56e64d5392352e137e39e7713152afba42774fa643af9be635ae3c450cdf8696d12f0a1a7f096cf5a64eb071932ad821	mcvspeaker055
cc019e05cdc1408386d19a40e931dd3618f41b0e7796e07014ebebffafb1df434bfc8c1df048caa889d2d4707fffda282a2f1366615fa9d5baff14b7459e9336	mcvspeaker056
a20ffc1dcaff76e295416a5c79062b18f3d05bb5a6d6bad37c145d885601e9f456a0934a1edfe50311d2a6cef020afd10d0d203120b79ece47e5d484f90a2b31	mcvspeaker057
18da9eff0b4cca81732cd5c600f1acb08b4dac37e6aa5a560d538b2df5902aa5a24afd39453b8ef8108b59233963fc67361b9eaecab5629cd5ced3804d878cd6	mcvspeaker058
4dea21f46e6c0e0f3f4c82f6c449f8eaaee5576a4b0ad0fe293136be2b68caa3f8235d5521068beafddae2b211afe296582cc51f4df1ad8956c7fbd9370f29d5	mcvspeaker059
a1e2c2fc9f8ea8b0e6f957f46d7ff06de71221b09a1123a75ca43e7277a3c9a5db91f07b1bef8e37b62cffd524398216bced9beb8d109d73222fbb674c3a0a2e	mcvspeaker060
3c148b58818c7f2474c0e4d1e92a4a56edf54ed3ff2624e3a01ef531f7d2429a21ed465580db437a1879fa4d0ca8aa3f1cedc4e316585c815735598d76012716	mcvspeaker061
bd27a6ffc07d9922364778750f66c7721f57909c5e5dbc6312c1535b8ade0fc2a92fb22961d333a4bc78bb86aad769dea7b6b038c67dee6358e840bdc9413f38	mcvspeaker062
ba560cd505f4625b39b44ea9cf64a69e92579ae61becff3c31c31dccbdce4f93f505d237dc61a78962aa317b485e28a34960cfa6de7d2a9c8b15cef8f4973511	mcvspeaker063
e469b09da857d85298cd0fb038dc6b661abac4a6c73b268dcaf4c74898831cffc8ca57ceb8ae4002f6c7cf7638b50d1fe0cd51c11cee787a9ab42df2e39fde84	mcvspeaker064
f165db76c294dba9ddcf71b72658cd623499075fb6c53c99065e0710b62ed6882cb14be6ad9117aafba4e27d8ebe458a9b7ffd742f37fe13572d8ba784ed080b	mcvspeaker065
147b6ae161e60151b5ce2b58681309a308da26c1f14d6815a30affd90e85ac9e5da5516905bcbcd26152cbedf1b31b61b1329457807aa31a070513d41fb811b0	mcvspeaker066
caa0488f8baf820767d944e40dc3aab18c8c9ebbfa1bc1574bb145359c2a31d28904103b5bdcb1c4d36ac00a87ab9ae1700bc4c46fa4eadad8d78fcc3eabdf44	mcvspeaker067
8c82d5f2920a7ce4e00b45edd43852ca596b4771b217f3484a3c00eecb137465fedac708dd57fc4046c56be28c91e9cc36d008dda933b3d5a84327a0924a309f	mcvspeaker068
cc4b06f7c5aee06e29dc4b883e0926cb04f24b2a7f8ed1ece852bb37ff6e4927ccdc2160c56e0117b6c8e3d40bb2761a5e753c7cfce4a4bc382d84ac3722dfc9	mcvspeaker069
32032d747e67a3f02860c2d191a5317fa8c2d58540f9de788710c231b83e2c7b85d41eee1b19ffff265061f1d99d766cf73e71131b8ee26717f43931de16f645	mcvspeaker070
3bbcd1ba16577c30dc1339f95a026e5e906f253985d50998b62f319692b2a4b256c2e8fb9ea17ae6187fa8692cf189e47451f250d9d127f1d8b859cedbdbd0c1	mcvspeaker071
f8e574aeaaca169fe6e38bc778f6f910f3de71078ba264d40444e2e41c7e885165e1bd024478f1350b3a0188bc42d486e0d62a9fda9f49fd79ae3f041fc81f87	mcvspeaker072
29225d5e9c79e07df6ec50b4c323c99aa6584ba0e3c5f29988d79e701e1b5610c8021e0a4b8020434d3d8385f6a7fca7bdb644e518f0ce6a378f23521666c975	mcvspeaker073
659dbcb509b13eb9bc9af32a96f50aa2591f521a8035c6edafe251bca7d4c98721ecb96b1339bf23d1503f198ec8807f31aa7e2e5fc681b377ddf719f758e79b	mcvspeaker074
3e30ce11971c010e6eaf9e144216b1888e105387a8171ee0116c2b8c1779da509dd0854ffe52cf35c14097c7b0f70f810652f657e047796d194bfc00b1bcc080	mcvspeaker075
148494ec3775c94b8ff912fd2daa4f560911a1c864f6c395338988564c3b64cbf04bd911d599634fd6cba1e1109434d3dd4cce7d076895a1334744ca8409991d	mcvspeaker076
0bab2352bfba7dcccbbd90dac1a586856db3b194f09dcc62c9650aef43c11bfeb46899cff630155c11ec5ddb97daecada4a526b543f8d5b3a38764429e570b2b	mcvspeaker077
601f2f4c3b49ad3685a9008bb043553ad104a338405853b24d9c64e2f46c4f911e5c9458b486e995ce851209d28d067acd37ed83242f27dbde6a024821e47457	mcvspeaker078
143a93c50626990ffad0a38c81ab986284c3f26b684c8ed7f7e1b4ebec0ed3e3a3db13e71744d2c0a28a7d952339d9951c30130fb371473350e267a52e540166	mcvspeaker079
4b3dfc14ad360b1436fdc991217173ac4f25a3ce1e99802019aa1de4eab765fc913ee79c767dfb62f0afa25f179c93ef0b25fdcdf00637d621a8513fa2294ff0	mcvspeaker080
f8de1f6f20fbc864aeeb1b8249b471e3fffe613aa0641310f1e9bfbf2768f68dc07be44793b7d8ee8729ff6fd3860150ad7a8c884333b88cdaf9ae7c009a7be5	mcvspeaker081
3daec1742d571ac89e236b77fa324b094a4bf3add6e04cda313d718623d6a38dc438b02ef18f98ea9abfbe2af82aaba27cb10989ec423e622f3f5d2613cc228e	mcvspeaker082
d2597c59fb7987acbcbe27ec412f78e2ff533b6919c720fc8999e19c12eea4d6a9cb70df2a12c7b8e29e922c8f6eb50efd4fe0f584c17f04a45f85d5bd39aa5e	mcvspeaker083
4b353bb5b5dfee43d182dc94ced4a889f19e116f37abe24424be825479ede3975d9e6702df19c7c79f2eb587cf42d6ee1e781b264ec5a51c20ec158282002f9c	mcvspeaker084
d50c731ad59f60f398aa7baea23186c9f4ba4220532ee6e1ab408903b600b9fb26cd2fb6df3b56672cc8786a1f8cf9734496fee27abef0b3bf04150dc202a263	mcvspeaker085
3495a20cef6188d7416a3354b464bb5fb70b37e4b89affa1479b1f7a6f599426cce5c8c560f38c373010745a4f84bac966ecf3c99838d01df03b25cf3c4d56a8	mcvspeaker086
59b7226928709b3c78b54bb23895120db3feb30beb415ce537ebebc2146298c58cf712ea0a636849d5038e472f1ded5a7fd9fe70c37dbd7bc15ac2f2228952ce	mcvspeaker087
a688a08578a81264c0613fb685d49a3bc405106bca82bc301c056f687e7db173181b93a335d686ecadec81af7bca27387dcb0179103e308ebea7b9c6b4ca9763	mcvspeaker088
6a2a6ef02cd5bda782ce48e63a3290de8b12e9ffcf5acc62e80dddfed6efb3d9338f61576a7813e208e9dd213a48ab73da4fe026d0f9ecda01ab5141fd7a7e3c	mcvspeaker089
97a99fe275c44adaa144054c09c0dedfe55cf1cacd32ae4597555bb3398d3b60513617cfbeb8d0f84b0a063ad6f588167ab03253e5feeec245f8a3dbcd164e36	mcvspeaker090
24c2cbd53801fceb75dbf3a0184c2ceb8917ba7b40910e4ae5d22e5e9632ab5aa5b75dc50d8e65de3ee65112df65fa4c512f35e7c62e1673abf6eb2699a562dd	mcvspeaker091
7e303a55086eefad889233b68a825ab87a4fb9f5c315a00761149aac80b7673ede2d29b56f45aec0d76c5d43525e94beee9130361c5ba0a36128505f9317e044	mcvspeaker092
fe9eb5feb5a21567e97225e6a6c66473c03f3a10a74981a50d172cad0ad3dd67dc9fe8fb844abaecfb821a2beab97fccee727f075d2e1f04c5363171e5be156a	mcvspeaker093
804084f666264e3328e82ba2594b913240d335d818f5d435b067782f2b6c9c91c07030191858ff53db28ba0042bdbe1fc1ea62b07f9f1498561797eec6102f3a	mcvspeaker094
0ca2abd6dfecfc5046cef31aef180ba81ddb70209ec1f5c9d8c786add97f3082ac4d2d5a837fb7e1df935e3e6951c0dde167a27e12511398acb88ec7cf3c4a08	mcvspeaker095
6fdab9769efc9a526ae34a5e47358fd151b4065fa7d5cd7e18ffc9aaf7a34635b725a0f76007e294d7af6622a4b61f99bbca7ca4f8d323e026f1abb6d9abf0c6	mcvspeaker096
bb61df5f5b58e5609ec119a15717566d5c705d2f63cfda6b2c89619323a7d0ff7f60b5843b8a2393ebb5bd17e2b4c4c2852e8b0696c59baacd3d24ab2c1619e2	mcvspeaker097
eda31da38f4d43b8681dbc826d7e6dbc050ba883d9cdccd88bf8e9dc53d72e1cab23d1b8af6101936012ace6f8ad327ca9cbaea437b95fd4b9324c2b95b87bd2	mcvspeaker098
4b6dadaf5f6b94e2eed38d193a2dfb764f4b549e2608ec8f38197c8709d86deec32bf75022ad60734baa5451b3ae73de2df1834d8907694b54e5a06e4f781c1a	mcvspeaker099
8c54500d7983cab92e83fd610ba8759888ddc87a610c5b2a76226402cfecc30b9862e050e3c3032111b664dd7b7b638cb614c92e7fa19127e2c6d191ceaeb9ca	mcvspeaker100
08873df09db28dba7fd3af140ad6b1dee02f59c8af8f066859662d8d9b61790882a3a987c648b0f54181481beaf3c098c29691cbc34d94e438e0efa8a2493a7d	mcvspeaker101
9d0a1d5f87da3efcfe505d41a42a979eb650fe015076fb9575c2d25e0af819ebfda2e7ad47df94b2eee4cb1fb409e25e8601b1a581ecf5162a0d9f40f6fb2891	mcvspeaker102
b1aa2f1a3057e45f4e368d88366133fcc8c7097afc22a2869160d75698c12c3488a2a6320a0b3d683ba1b87133377656237a4e10928d1d3869e2b9bf2509aa4e	mcvspeaker103
511c31170a50ef5c000f6aed3c0122a3954ffe2c945dc1bbc31a7bf9364c475a83251acc718ddf21a99363baad99f3add7a75d17a52f7266d5e9a3a5f31f6d1b	mcvspeaker104
466380232932a64c43788b35a2ab328c3c8bd3b2e3c06a9a58335e4988e2d08dd4655e70c0d82991b57b0c0cf27410f3bb47db37eaad654b0dfc5ff727645171	mcvspeaker105
104fdcaf0d0018d14c5d10f6ebe260ed46bd68c2c18e9fc5894986f1c12885290274ec4d01ae0d2dbc37ccbd5c8f20fb9686a2fc27f41213587b6100851492ac	mcvspeaker106
689eba6942f31a1efc983e28eb8afcea4db79a1f08cf70962a0e1cb1344982bb7a6724f39dd7ad5591b662000a02700e71962ad3bb8b4177cf2ec449e65eb048	mcvspeaker107
0d57f897226d23d7bcfd55f2322f195cfc3ccbd74b2199a05dc540d2133ea42b4d33cfb6839f35fba8731b6536e75415805a2298a7e96ec5bb468572b5b267b8	mcvspeaker108
07c70e13a8b548b523e6fd991678ee3435ec42b14af4346dba3e07a35405b1052d47a8cc96533867dd582f9af8744ed2856ad2341de16fd71f36f5415ceec5de	mcvspeaker109
772c65c1a8f0db035c7700f23b0c4ef1790ac70dd16a1ae370e2a8d00f904d1698c81b593fe878a62f306345c8ba5866f3b94a6940965f1f56b83147b5f509d4	mcvspeaker110
bd6308c4f1ec9f4b38bc7b13e967fb24a23392204ce8294d7aea5c7ce7582f75b168483f41c448ff9285388d547ac2d15db2fb22e5f99fb36c86d7f290c5e204	mcvspeaker111
8d4a6fc72987b9f008d22caadeb11bf361f2cdcbacaebd528a7bc4bbf2243d8ca440682fbb7cca6a84673fbc23436546bb5005df8857bbd0263f636cfcf90148	mcvspeaker112
704527589cb775fb7fb59e7757327d00dc645d9174e4a24b825ddab3af4b0f88e8016f92fb4d48a042b05ff9c3adca2d2c527ecafc56fda112c448a692048e3c	mcvspeaker113
46e0ba0663cc1e4cf4bc6860a1b15d1cf0c13e106382b69ebfb62275aad25629a83290e6ad95fbc48437e857c372e97d82695b5a2458397f5c861cd82878e3fd	mcvspeaker114
0528549ce02251bf7722d1c20dcfe3af1975012341c858551ab8159582e628a6173026aa9b2fcff26d2011002e43babab39319f1772fb559981f2acf452df179	mcvspeaker115
8a0560210b9c495050f5fe9a6e780bd372b1e9a090370257232b31ceafe7ded8e734570a9057655d2d6fdfd5a63246e7b6312713f45fa6a8993baf4392b412e4	mcvspeaker116
2284b3506ae104526f858a17ee3c00edce3616ba065e9acc02ae06bb970f376be9fcec90e2e160c1198ce4768923952f44de243ead421d397744de728cd5b080	mcvspeaker117
c4e8a5007a537d1c2eeb0314923eef04e2394ecf657b10bc09343fb36d8775afa51ee3938949652972cd22257eed3a3fcccbd982dab7f28dd7a94827275ca695	mcvspeaker118
9f214ddae65a0f025633fb3702b753db8415c248ab4541c019e130f2c4971a8846283060bc679704d55394cef355eaf5b45bfae40fbccd57a71001351eb5d93e	mcvspeaker119
424f95f39da10ffeae4b0b8aa06c2063bb34e4dc6ea7c9a3b391b618c693e38c3377bbd53c5a50130d7603bbe1deea15471afc1f19f5eb459eaa8bd6bed84d59	mcvspeaker120
4a1dd20a2e8964b63d5587cf87d5c87cb82cf62bae8d66db23e82bba355224785cdea47351343a63a85884776956bbc47357929f9abd735bfe3cd121f3ba0e77	mcvspeaker121
96ca93c149c991c3cc13afe7032d44fb3992f094f78f48746ca2a003b4feb1c093210f625d85e4a2a313bb17c4e0e77ea0c3249b7db2ae4d777ce99400de976d	mcvspeaker122
3d786246cd5132e4727ddce91317832ad3fc6471e2a76b10f0b54a254a3317ec7ea9c233d205edf03551c4cad096f6cbdda5723e28cd457f10971364d27fd922	mcvspeaker123
580ddb579ff6f7749d6dc1fac85ceb9c044559bd8605712dfd597f9512213643e985eb1b4d1c6398e5a8e98ca09cd2182e768128e114b550677c5a0424670030	mcvspeaker124
b1e4c9ac9237fd315a3f368bfc7d0cf73874ed239d5d2a3e9eb946769f6442a77d7ee0914fa173450ad71a11a7a0defe35d282becdef9bf8e62250e85b25b6f3	mcvspeaker125
6ca0753757f11312225a5b7b58277f19017c94fb1c20bfe3001824b2e2662fd32c0d38ca522ac30e87db5a53151b6424eaa11bcdde2f0c9d85065d404edba801	mcvspeaker126
060acf1ce5a6a09a53a2f5c1868bc2cdb82a9630860b4f86937f07833f13b09a2cffcedd26dca70ea96ae23236d0e66eab1135ce91d741857b14972737245377	mcvspeaker127
c43fd8cc50627def6332405ef6d46ebc468910ceb3d5ec74fc7173316a6af1b43d1d0821aaf16a24c4fd0b8ed5a58f2cfb7a7cf004417c5b4d0e1466e82ba5f7	mcvspeaker128
1eee9cdbafc884937d65ccb9e89d28965efb5e11c385e3c54c2967a06005e0cdc715db54c28eb707b59cbb49334d487ef0b5616eac6117337091f2c64643af12	mcvspeaker129
48edc3449308acd91ea57912bfb05db47aeda0a6dc97bec90c245b3b4596b816df7995418b5dc2c664db79bf7f9433ebf22116573b4e963a4b779e63e988a615	mcvspeaker130
6c6f9a931656b153012e8c4af6574ec11d0c9103398dea8889edc02509e850f89aaf1acb3680699b48333bd02620edd119594e6ea29f98d5bc1fc3f5f0503f54	mcvspeaker131
866ca904291f8d25f1b04ff418ddb2a2d4cf1021eb0f39fe1c6c9845da3c1883b1243029686bbc72985a32548e3714d75eedfbebe3d4eb7d4e0fbd7a3b51e996	mcvspeaker132
8afdaaa87c1d0eb12897a705cfc1cc53435078b983d80b424465e40f10075d474a73ce555ba0a8f78eae6009ce886e2d8d7b80f69c2ae30fcc20cb42148c6c58	mcvspeaker133
e6e81319cc2ed04b04981318d424b78db3010e30bef722cdd41a685983781d46d9a68cd22d030fbcb190c2c2d8fd3e19087854d30548bd90e1ce3ae98ad2ca47	mcvspeaker134
b85e0c9ae3d43b73fa66b1bff0f042a0498a6210f9bc87ddd64a57fcfe3f8b675bc3bd469d23f740e31426ee476e23610818e416d693b92e2784ec67b6d5db95	mcvspeaker135
1863ebf4e9cbc67ecfedf27d7f12ba54a5a4ecd64a013ba268a172abe7a517a3b938b3d588eea35749677894985199f0c256077e5aa42a604e531a93ed8707a2	mcvspeaker136
ca14493ee31ebb962cf45228b590db5e0af413f6f4d7ba95e7f94cc7a43111a7e17310f60ab5b7924242314996c10104d315d7daf398f761c6a130a41a0ee664	mcvspeaker137
e7226d9ee22d129a2a4b9aa70e778d07d0befe3c52f74ead559b67685317fbe5c1cb964e73acca132e0c39350a44c68e8fe324742c0d8ea9d1f44753648e12e2	mcvspeaker138
1f711682b3fa0a0941f7ceff1459c3bdc63e4a19b5b3576922843ce9316ca17c15f57aade9d1fb4bd8508c79feab2f33b02ade529878dddc570b074570a1b77c	mcvspeaker139
ab537c9cdbf619926bd8a6a139e42ec8c4c61d391f776e364313b39b8b4949644b9b6805e108a3ce107c59210a9b8582b2cc402a0dbd4d536c0e643eb02f8450	mcvspeaker140
11f0dd629c2d9b6cd8866bed4f684008162e75b146d9716664201cbb9ec999fedc1b312c5cbe9d15a2eb6eb461aa87d6f1a9e25a6a1acc23012c0b45021b5068	mcvspeaker141
a5bb2918cab11c097d3b6b22a85d9d01c55be06bf3b44464aea6a0a4736cfe342d68595db0a9574ec5653479799b73944cb130bebf19449854c4cf824d4ed3e1	mcvspeaker142
fc38e52702bf4986d85c4ca295ec8088cc5e1055d3afb5f7f5422af0998870f42af56183ce2fa6cb11e43f20321d361c043a81739de2fdceb1148c0485263642	mcvspeaker143
3cf520b3ace5feb3b4b7eb866d6186d8116a61cb9c4508e17ec02d046a4d8203f0502a8f091e62d7570bd2735c89adadd9e1ec79ab074ae7d49416e6315fbd9d	mcvspeaker144
0a523c4426f23fb774a582b60a3ffbb5de89af0a950476f07a0857612193091fb6351d341f6fa8f83f3ff957b549d8b50bfa0a4a8b6d9bd4abea3d0a0142912a	mcvspeaker145
de49229cdf28dec5002990a0eca27858e0f2153af6b0d0ba7c1160cd3554558f8fb712214348e306c4dbb3196f9cbf19b02742114ddcfdc371687ed6b97bb7b9	mcvspeaker146
9e11d57260d179bad73da5710166e9550dea4910843bb4a6b6053b3449c2627bde22cc93415b4eed4bd000ca996d078278844323797ae8052441ebb40d777d84	mcvspeaker147
2f307d11ed45892f76f2018286b1f5243034f17026d823d016f0fdc95a3fc7bb5560a3a2f22fcbc98c7bee876e79e0574623093be1f32eb2e07244a21b5babbf	mcvspeaker148
85dd4692c01cdc60e5a3954ba07a79969489b75a6d40c254a63cb1c8da842a088b83f37cba3b7774543af091c24aad5ef277dd6fac1c7d2d0033101f93f85f8d	mcvspeaker149
44ed91c71d775f63fc3892fcfb6d533595c99d781ff90758addf5bd3c5e7dafa1ab76deb90788becd955d149e7e804776537c7c9eaa1d49246ffd159115b307d	mcvspeaker150
d53501165ca17bb8b8a8e8b9d3b306c8a9593eb829d6aeb16f712eecb4f0c9f3af07b62d61b892510b09f39667ae9f0360c107afca3aea32f3f5db99230830c1	mcvspeaker151
b0264a41f2737a944dbfce65d7a36e53e3bd225ca65b670cd6f2a0ac87b2d6c06ef3f43e57271f446df5966d32c398d37cbff2f9e35273b803473f64f8ff8070	mcvspeaker152
f4909aef7b604190ec0d95f36ae9e64c3c9cb2886985e65c43148f1268a1af81ffaed429b98f84a974d0d16473f0f3f2e01f4d2449c2838346e7f2896383e2a7	mcvspeaker153
d8e6dce3b7d90f9fa02c264425a4b7ee7baddcab6bfc030b9ab15ab15ddba62659d583da5c1ca363fc4ae97e0f4ad51985fe8c8d21d696c42d6cdf5924c36036	mcvspeaker154
bbefd091453bd4235234cee20dd26f93ad7c8cd4c21bb053f96d4286f7134f177c07246d4a4c645d5387af8b97c4fcc0646e549da300351cea7b222f5e70e9a1	mcvspeaker155
e664c640802d33d2e52fa07be232c10a601f165e6d0b018b0ec4f7caa4d3dd1f09c802eac5610ccbc59ee165c04dd387cf7264105931d391bd72b81263afec1c	mcvspeaker156
323dad2cece67f8ca5576a6227f15fc630c7f84448241660a4b38fb52e46ce9b4d140ec5365401c3fb87917b071991918c73a07f17b6554cf565c5e316b62e0c	mcvspeaker157
0072655eaf0c76ac617fee895655469bc9b9041d2c02e11336b81dbc7e520aaa9e890b9e9237ae15c53b66cae1ac435cfc565017054bc942ee652004aee86e66	mcvspeaker158
adc3ba92e63ecbdd0e2e14909cb98dfdba9505b2ef6d20bcfb7d1cacf78bbee456f83b610116101c4ea8baf2900a510123de7501bfe446ba3708c250dbe543a2	mcvspeaker159
dbfd968ebe544c012d03fcbdb30594bb8778af836e083ddf2b114de612c385506e0938b88402a2f4118570a6727a9a0b3664aefc2ddb54ae24a7f0b572c9f888	mcvspeaker160
2da958159cd88f0fcf52ba84ca8bcf57f1855a4301be8848a055cbba0892c5c46c4cffc078acdab487681018057a18cc3200c411b842b4361ba78bb766f6cf97	mcvspeaker161
4cc2b4eb395ab4c5ae75c3d66a052deca666abe39c345c2a6502b5203d0aab6919d638973e35650177b896c4711b1849ec814c09364ecaccd3d614ac67589e2a	mcvspeaker162
1c17d89de6641113f65b993d4ce395f50df976dfe486033cb8533c8047a2f229c468660957e1f525187c58d885551e830701fbac1e4856028edca6441eef006f	mcvspeaker163
86eef71a67d5fda2f80a0f83dfe9cd5968ee07b82b5f803d26414334a2d0fa76b65c15de80b2741518edecca84b4498c96693a2073c13d6f46d890dc023322bd	mcvspeaker164
ccc53e86831422de03c6c719bdc543ebfb2928717d8ce1794dcba3823c11ee66eafaedfd590a800c6a810c9fe78bcd4df53201784d48bc614a20389e902b1800	mcvspeaker165
061d44820731b26682e7f6cf81958fd3fde10d1585884ffb4a5b4000d891c76922bceba42fd767fc0c28dd210a4f55d87fc22abc528300e9a874872c376fd120	mcvspeaker166
cf658764e695270837ad8af4462cb4fdaeec21a451e3c9ee585dcec3b999e0ac6f0a5f2de7548e919d2ffa1cc94d7f78fb8dbc1eba8bfe3cf0875c9c50235b63	mcvspeaker167
b90f21867f5bc4fd1cc0643442c3f0592f3e79ed1c3250036e0227fced02fce42aa5477d55ed338aaae5c5925408c9071ef3ef9af0bdcf68236dbbf60469af54	mcvspeaker168
03eee5a1c66196d0225c36e28e943639aaf807ec92a51b423204b5a7044647a6698e09dce5b538e4a2458e2f10d10db635ea7af8539d21377e6b2db544b4f0b9	mcvspeaker169
479f10ac94c8d0822c9e563281caf8725b93f2d3b1c90e572313851c4c146af9a5c1bf71d77095c6f05c1ec894235dc62780920dccc383d2c78c8625a95eb23b	mcvspeaker170
429f82946cff20bb30d5f5f21a4753e4d59553ea775b29d3a2e15516e0d7a0dfe266d69977454e5ce0fbf621af4ce3205c08a2c3c7953f7e660cc97910369c91	mcvspeaker171
9bddb8e3d365b54c59c99fd4519d63ad4d66706de6f0b4a4d8d2c9d3153ec0778f84663a2cb9ca23a40724902040f64f134bf30799642d608e1b1e4a15e577f4	mcvspeaker172
980a2eb148a4bcf8b0cf9831360d2709774bad0b022f892a13ba8fef3028d0739d6ff31004a8a3faee27b998e0dde3122512e815fe8fe3c1269c9328b4cacbec	mcvspeaker173
308727e26fb3076d6014c029f72f96ab8d695b7d180eb0a4cb01a367c2e849321489f06f219cba71246199d6c8577ecd9c4b3e7a80d73ea305810842e102e837	mcvspeaker174
5249f07dfd64d1b73ffaee994c03f2915d2291538506bd99c54ff71589e3c3dcca469152a7418acb7a3730a6be1039511d509e5e9c5aa77a350f3209cc4834ea	mcvspeaker175
a1252dd9f1a6c970da7b1a330ad07f9546330b5007dcd8db52ae3ac6774fb3d9150bc117b4df1944d7899d3ab8325cb03217c4797dec1627d1ad83eea7509d41	mcvspeaker176
696f21cfcf849cd59de19eac624553984342e30a54633b31a2754e4775342149030860d8eee0baa6c323273f9f752e63d5cf307899a45ecc1762c9c141d1c22d	mcvspeaker177
b1b9f310b13b3bfa0aa478058c8359bc27941095726893f8989fc829430478b318357f0fc446f9cfaa3ebece94926ba9cd23df6683e422697d486a412e855fa4	mcvspeaker178
e7553eeccb24466b6c75e11537e6de0333e650af71ab47bbbee642107af79b5035b2ef9d79d36b2f9554329f72d1e136cdb8952e9c28bfb16d0a09609e32bd2c	mcvspeaker179
b83a068704a08489915977f0773041d1cf85dc2dd4cd66f102d622d2eafd63191bf79a5c1b05e592572bdeee18e8e0ebfad0c3a1ae5a0ae404ca6462addae6bf	mcvspeaker180
e78f7bd61532de03f0bf5845d7f56289fc2bd3678a853f8ed0ab9b03db101c5896441cb96add9aa310fa1e027b3d42c96d123cada0d534cb404a140ba5ec3b2f	mcvspeaker181
e87dafc7dc3d4db49f64fcea27cfc63087ec1d51bb53eb8d5e45379bcb8007934ca9ff339166852f83d2249679f594029cceff0805af4f233a9a52b357f715c0	mcvspeaker182
674602aa1da9d241694e819fa45db0c3cc8b937a1a0f1dc0de8b51d57cd874b7b713408ed7bc5a0ac05f57d95e6038dc4a2f01b891cef3eaff6edd9217296898	mcvspeaker183
4407087dd3e4879ccd99f6217fe5fed30d5d832ca58f67bdb0686106688c93eac6a38fbad2a984195219467aaf25db4ad7cf928719d80e3796b47ae0872f836f	mcvspeaker184
bce5793574d01af1ce88f348f00c4f0c117c195c9fae925f579e320381abb5296dd14bbfae4e4221a1d60d032624d270a4992b8c74078952988641f552200b4a	mcvspeaker185
86cf807a29da64f8f7a8cd2be09ef5090fceca6bbb723d70bb1963430a01e7d87db33bb6cc121f14a0a778f899bc771b5eb2e59b4d20f898e2c1cc883d9779bd	mcvspeaker186
66a7061e6abfd1e3c8c2a5dff2aeb80dc3182e51ed59958926758ea986f937a5a7cd9d702eb3dc65e03b6fd40924a394b322f928a298ebae058d676129a732f4	mcvspeaker187
ddadf4525fba2159f9f4b085c628e87b9e4101afc3ddd5a36666f67606e84c90a74a63397871a759dfcd4ec25b79a33788043869407e34e8cbfa16e580260c6d	mcvspeaker188
c768a324c22df00344c11c0dff999667e8047fd1bd7366fc4e8fbaf1bf4053b6dddcb6b017b6bc3e40dcb543b735bee6b4d413f0bf170669fb96471ed3600ef8	mcvspeaker189
2916e2db3fc33577c09e27537c42a55fde66b01e5152170979394b1f2169ce13567954ed29c6f3ebf8df261991775fe297ab7759a1d4142e02d1a310e9077f48	mcvspeaker190
c1898b353391f3ca76f5e9b7c4c7cd7e88253604f0338d9ff2f8cf9e2bace831ccfe15326ff314a5ba4953cd45c373b65507f768a1446f278facda0461cf9834	mcvspeaker191
956bf1ed874de0b9c396e29984fb6a7043eec4e6774ff20fee72b87e7ccbd3e14667a18e771561fca76f3d00dc92d5d3944278c92d6f379bf6f00cffe9053e91	mcvspeaker192
6428db7c9688f4e1b064cdc0c6a09e05258b9c120fad2536b87017ee824ea84485e523eede8432f98a40df540242a0104881147b6ce13253b974f6869c78e260	mcvspeaker193
3560e45d67b2c54f31347b52915de7211f0abc932adf7ca9dabf51a14ebbdcde0b712dee4edd9560aad1474ec52e1362e7bfab2926bf3ce4cc01b1420306ab39	mcvspeaker194
701e094370c379ce92c80e42afbde6c489baf874acbe7537e6a09bb7dbd354fd1766c6edf44da96f5cc64f8dcd5928e05d84b277d0ceb40ee957b23e2d6eceb2	mcvspeaker195
297d9fda7199caaf735c0258c4a46e06321f44ddf0bda53bd030dad2c4bc2584ca617e4dfc5577751a11109e7d0b267a78c6295d6cfe7f41fe18f05abf18e684	mcvspeaker196
422406f12fea192f8cec12d11e1ab6edba5918a84a5e88de337253cd6ba567596c0171a9f695b13700f96675eeb80a3f8e40ec4a7288136c5a2d8b079994aee5	mcvspeaker197
1597351a92f23c73592ca1e5f6866e48de7cd09543674b8ef7a70c9ed71795260d7199ae336d1bd093642987f2ee4d6f31448daa9fc770d62efa9808645b149f	mcvspeaker198
af3fc78875219cc84571fbff5baee21482d12d40f250ae854b13a9e236e483048729f8301643941e9821a4ee2637180ef544bda410b085f22580ca35cdccc3d6	mcvspeaker199
6f96c8c09cd81c5e9c0280fc5fdd896ca0081fa7ec274ef33f9f9d3d7458a587182768b65d0e2b06efbe7653b2dc88aecfe5adf1dcc145e1ec7d5c2c6802a214	mcvspeaker200
368b4cd1d3e8667e3dcbb14aec01878f870250a84e3e28f97c297101ac00dffd78198f0b398d93ccfb5d75cdb6f386db0637d75ad425794a66413a4426c9e90d	mcvspeaker201
da4100b52866007f3f026e232ba1d8c841c9f658219cd3dadc7d2a4c88e08d261406dbf775ff8d4c4f822a5e0940b5650e0568275a06a2087a589a1da28ad089	mcvspeaker202
cc811f24533dd4eb7e61778961ea6ef46d443fff0bd45f39a9073b6d5d8d0202b1c45c8b5130c13ee6463663fdee0701feeee05c691eeacafdf75fabb7eab3af	mcvspeaker203
7e1d9ffcb04417b3afad00af9d04db17a7f3c058825dd304ee696d5c83f3f84e2b36270dbbc95ca11840a42ed2bdfad83e690ab982c1d018f314ee1d309d6246	mcvspeaker204
3a267966739adf434791b184ad9c2a6f33d9d0d7c83485ca6ff553010456e3c307f48bfcc1c8c1c143687fec262ac3a8fcbe03dc6be6577412322aa643ca9260	mcvspeaker205
f0699ec83ec10d00acbe6c207f0971cec9503c5fd479077decac9cd662b9effd9f0fb0348a802989d57289932eb7caf8bc09d6ffc63854972ba8133d5692511e	mcvspeaker206
6887d5eb52fe745ffd3c369ecc44e190359ec27c7e216538f6ccec975d2ad16a8a30acee470d14e4b1fa5486b2055da4483ebb8ee88a3ea7d633252d82f076d8	mcvspeaker207
8335e8e2058130da0b9f376d83235f5a09e6a1a251cc408c1b4f62f578d4786ea66d65a84d7da6ea57eb21e2ad2ce0408a000a5c4ef06f1d57ca4ec088cfa530	mcvspeaker208
80163718849aaa8eb27913965342e6523365c53129f198881fe33be3b5de84a1c8277cfbc46e99ded773b680b44129f4b5e8de9ea6ddd95351f56aae43b3e5f0	mcvspeaker209
76dd34f92890028ea8dda39861f9511a34ec30ec0511605e9d4f618db5c10e4846613c75cd1f2278849115ec6c77ad1f3653c028ad809fe489d17b3cb9f47617	mcvspeaker210
dc31820f137da72e3c0016baba1217bdc1c1a82147648427f6ca54960d40e0e67397fe8e602270415f2eeea8345bf2611bfd850a1f944824a2d60738766c239d	mcvspeaker211
22fc8e026263b979d7f59755d6abb62e411186c0ba7887a6de21f8968f1399621b978e069e8f114cc1a2294abff9ba0c59e5ee4d5e9645203cfa6efe06071b5f	mcvspeaker212
feff958f3f285bef4a7ec0b46fbde25acd6751e0c7c4b65daf10ab7cd169f9f6e3c9a9138064cdf7c7da2021f07716c6ebbfcb0ecfb1950e5d78000c4921dcfd	mcvspeaker213
5ec4e0a1577d1e740a59bf7c2f57512f84074de6e53d54a4ec593323be01f21df24dbe2f00bced4f2bc2c43b4992dc44f73240f097370a725c4ef5240ac72095	mcvspeaker214
45934585789c8039439e581faa377cb52a53e43a7b9dc96c71065b6c74842458d222a2db577cd74f1a416945cb126f8ad02b9932b44c6c074f67025f5c87a261	mcvspeaker215
9652d10a91dc0ef72b067970384e789a717b0ac19c36a5a418a732422139ff10921f52e5546857f83b85b89ae04db1771cdd920e6bf5fe94304f8ce2e100af5c	mcvspeaker216
e820cb9ed5b93016da59207e58b52c7328b88da6d057caf192633031a55aed72942554dd169775029997084a1dc00dbe6b42ed71caaf76161b44617f8500d3ba	mcvspeaker217
da3897447f2cd5044581e3c24ac145d4e979476a37e3090ebcee288ffd80d49b57034a739be86887b2235d369da4f53ff9c16068fba4198d7e14ce10a172f387	mcvspeaker218
26a9035a2f50836c5a24935c6a0a851894c038b263c3dfd6299e576e888133891fcd92993fee161c07e926b3690c848abe8817dd8453050e5a5b7d48266540a2	mcvspeaker219
3fd3026ea3fd460fcf1c2c89804a0c3c74077e6cc510c671cb430af76a18c3bfea74776cfd06137adeecaa3de8d46b9a36147ccbc613ed939f2dcc6c41a1d7b0	mcvspeaker220
806934dc644174b47993c8b4a147704f74ddd23d8fed3fac245b907be262e04203270775f9bd6dc97c5926e7dcb781b654e5fb006e7a3090d8567b7ea0401312	mcvspeaker221
39f8043c569b9f81c3f9888de219dcadd5f1f616132a93911aca727f2ab78cffdb7b10e48d0c1d3fb21a2fc033ef1f573ef3458aa91db6e764769071c641ca20	mcvspeaker222
7692c79e6995416119ffc28be80efa887f85cce3626364c79e6df9c71cb832b5432e1d0385e2f8a3e892a1355602e4c985af18aef7bc5092bb1ffe3ed7806ac8	mcvspeaker223
5b4d02210a0ad7448c60ca266a916cdd2564d4ea993418ab6237e0f2de4124824cc6ca2af2c5438ce5d395e692615986a4d814fa4779d32c6968ccc70c1d1fb7	mcvspeaker224
94cc0be1da5d1e1349de054c397d71638188f0d39edeedae2de1e5916d8a97ed15ea36aa69b9f24d0cc0a75e0c8577c96b6427f6c07327d5398ba1c30573bcc2	mcvspeaker225
019cb00f58ca0834ba95ffcec43e0604572246abae0403b38609f30810fab95cbd0ce470d29a22085c0470366512e63c3c6aef73651a469d28bfd0f5f9623363	mcvspeaker226
a266e43717ee924a5e8cf5b09000bc4b6ff1fe26d88ca95a7bd895164fcacfe5dd75e5d6c20af2460ed42829351ab53c11ac3d30cc5fa22c74e4d31a6f19c6e3	mcvspeaker227
5f28a60bdaf6a48edf0c1f32f2e0e53a6691b7ef907ff9165435d83131aaca7fe373922a1f847d8ab352607bbdc38a26da2c408bb2b068b36a63582e6cf3f64b	mcvspeaker228
db9a00e053cbcc3bd36bff7b02911e191c6f03d1cefb72a6f1ecd9accf9e5c981fa0ad3f7cec960a2d5103684eca6fce49e73c3d524f04bd3e3dc2b5afdf0af3	mcvspeaker229
b664f5c2f945dfb43a373304b033964cfbcb5f01d11978da8d3276cd74cbfa252bef36ed3272fbef4373988f42aa029569219c9309900434a66f255ff6a4965c	mcvspeaker230
1522d5da3f2af890f592d240e32c42e86f2fe64553a576803e13d682517b2bb9a9dca42aed7abd9ebe9c9ceb4801b17ac25d183cd9254622f99725ad2bfb7744	mcvspeaker231
7df1518992be9160f535cb9f6e194df7cfc240f0c5aadf8bf2b4c60ee4411b39508334f1ab6a59c372f8f1c07b9309871d99cd032aaaf4252fb88c0eda9ea33f	mcvspeaker232
098683802fad8f1c52eea122012e5fb2d4d7f7db857089b25ccd807eac1ddea0017b1ae04c860d2cab3ab24ece681d809f4619e6c6c05ecce37e5b05cd1681f8	mcvspeaker233
7dad6be5e5ee26628922ccc744957367e7a9a7510637bc4fae9691edb6f937d12ab1c3e58182e940189184c2eb6c74a86db9f067bd686e1e60883c6900fd268e	mcvspeaker234
9df17f74dca255c48e80df2d7a4163f94748345965fefcc0167192e9b66390085a95b8d3b11dd8c340bc4bddb4b97ce2352da0b216c946182660090d1210b8a5	mcvspeaker235
eb2cdd9c08927575432c18d5e7cc52fc324590032e2f5e083603b2ecaa728b24d12a0f8b23081339d8b43f79adb5d3672441e3fa56dad0a601e35d6829f20ef0	mcvspeaker236
7120f2af4bc6f1e3e5d643ad4bcfc42beefac40f7a57f3a1128120d7ee905255e6f6792b11686b005bc1a4fb25276ff86bcedc23cb3724f9dd13f0702b461416	mcvspeaker237
4bb3f510edbd3eab064337d0c346a337dea37f1ffb1dfd557f56bbf0ab63e136fa148131b4b344eb0b9f37aabcbbf6aef11b05e0a8f35af1f5127a3f874227a4	mcvspeaker238
7672ef92ba4381fc6020585b45217d6be463e2bacc2fc327c25ebfeb36ff4db12647db5a39fd658dcd258b90f0aa42bc35911f0ae0ec5144c8bad9008f3a6949	mcvspeaker239
4a8c31932f62a4dbca2cfce13b0f869f5ef80a23e8b9d8ede31a8266b7e87719e13f405a7ce12bb6391e017c8dcd8be430c9a414f6c4985c3759bedb338036b9	mcvspeaker240
efbc1ecf987d0cbbb5ef0746d994ce9e269b7e1a0101fab3189efe7f78c5edc6a05f8de9f51c9773489d173ae62c1b4636b36f2f093c69c00bc3ca3a0fe84c6e	mcvspeaker241
3a9fb2760dba179735be3b87764ec4530b57f049eb7366a3349c8a171802b08c7aa798a277d1ba60d0aac8337bdf94912afd6b7d9eb529d4fff40b5d45dd5688	mcvspeaker242
e2cb17d665bb5b71f092212ccc6005c5585ca41d70116f310f85db6061ec969ed0ec284ecf43241a8c685559737c234827fc171fdf55e73f0ec0266311a5615f	mcvspeaker243
40841e889d252ae9f3f62b20f74d1a7d9abf48655e22f15ce46d44f453beca0cf5ca59ab14b922c0052f64c2f305b3785eb263b9502a10abd6568d92324b49b9	mcvspeaker244
c48701fa1a0c52100ddc953bf0952722550ecf6a99765e9ba822c8c7d924b8a3b57a39ec7da92d4f20678b149f04e187bb5d4e9994af1013e0356ab0200a83e6	mcvspeaker245
7b5e71eb94e2cf63256386dfaeda6a016d482d3c38fda6dfc75b4cca74ec3874ed3f0c5b11c7c06982cb43082b955312e2bb3d5e04624945b801938d40302716	mcvspeaker246
a80e1ea32864bdd48a942a7282a6eb7b36b86a7216e960abee652e943069df606deafc083a43ed70c27cc72a3fa0566276b00c77c393d45531feec26ba2212bf	mcvspeaker247
779762f4f0a39cde3fb190c6c8a16e17f92011a17cb0015ed8b0f885b4a2fd0c03137f2e2f7fbb36fd81e60aec3426accdbf466ca041657da61d9ca30239d1bf	mcvspeaker248
c669a7eeed4f588a31c64defe7f49f284cce588c87cd556c6be96649f561bf65cc89f4c273665dd9f9abf568d920d98355e9cbf937b9661eed0b83f8c35b8bfc	mcvspeaker249
56d3fe8b5fb192b12cee23cc8bf4cb494c07ea33c2b5dd1286ba0e8fdee9f29c619b09fa5154c64efeb588e21b5638914d9e5ec75b9aada131722376741ebb0d	mcvspeaker250
cb5a3d4ca2c0cad646b98337f438e7e333c0136198e4227b3e9d129a4facf0882d30be90fc947824e1e2303b6610c87bc2f4932a8bcc97b3deadea71e53f9dac	mcvspeaker251
db0a570d43fd9976cbdb282c9fbd3e7af12bc7d9f929438640bc5285cdbc1b49f50c5457dafc67f6f2c285b4b0cc20b2a00d081db49f4b401e913ef93fa86486	mcvspeaker252
40ebed53c0885b071bf72f1929cd1cbd031025e96ba262069e6cc24a35df45703540a5d1da8826826461ef51def216aaac4bde439680b4bcfd1d51506ce3c026	mcvspeaker253
2f0ee2337f3d7bce368807e0c3834d3d8f485c6ba0a0ac305035a57947fc9c32fb34a898a061d6bce416e7a33b9f807e46646407319ead324f4f2f46743aaae7	mcvspeaker254
22e514704037bca1df29652c582612a199e03b959756ef9be197d18f375f656270bf09060661611ea0d4661079f4d162302461c0da06b2b528e9153a9969a5aa	mcvspeaker255
3d24b58aa0e5b94252b2ba4dd2b850798a084e1fe1142c30efb8961ed899172d199b7a0ae97b7f2a710267c46aeb26cd8c5f4a7073d6d008a690fc4dc00a8b8e	mcvspeaker256
397fb98171da71eabc75fafcd6677b7ef232c9542bf08f8e081a4cfd089d3c8f5e039a6b32c18c89ca2238bd1443ca7d72d0bd179fb76bd5a0cbb9171813ae81	mcvspeaker257
6c9580fcffd2d7fd90b76684d3bbe20c94ad99f888d90923b3d23adc14a0788f8f8a4e9a21dee51c594418fa86f4f186e78a55091168380b51f7c076140a4af3	mcvspeaker258
a68977953093d4d120a83fca087dbb5fdf4c7a0bae66a05dbbd1142cdbfa44f1e34d64eb484c87326e4d2cde28f8bc2851d984a4254f077fe06e3e8091fa4aff	mcvspeaker259
b0003cde9aee9af9a6aaa76ee387aca6c3e6cd73d2c8f66a6dbcce1dfedcf7158ff04fc04093b8b1161d279eba21f2b67d18ec3d9ef0929939d5dc47c8e37928	mcvspeaker260
fec09705889b6db5b055b84df7cc905995326ce4140298c068c095b48241a79fd8c832c9916765dbf280bcb3b94b571c93f9f1d4ccd9960f1e2345563abdc5aa	mcvspeaker261
40da8ee2831169cc3386f2fef02d53f30cc3af18394bde4eeb77ea24ffba8303083fae4ecaa148c6f71ea10cf8f7b8f61ed44154d3c6ab6c90d4c31780805a94	mcvspeaker262
dc4977f4a09270c9527aac32aea5e0d8077f58529442c1d1ceb65cd302d3c90a2f89e3dbfdf85d6a8243c806044b032ace6e7764ae2514c9155f55d1d340f45a	mcvspeaker263
6f8908858175366de500af6a0cc837779bcd6669ba92a547b29feb3acc77506a14a32763e22563854e77aabd5d4fc4a1b962391405b7d24d25ea9074f19b3da8	mcvspeaker264
1f8814ddad4d75cf1b05e4cf1230a149887b39c6c375619f52d5e2181ef59539585c80cccf3d66609f19e086b77e5f669106d6378bc6a02114f3333b350d7c01	mcvspeaker265
b4a2216e79910c36d3a07cea3d5e9d16fa5728e1779aa6d4b86f9e287acfe7b1c362d25322974e045c9b71b70df6c4cdeceae5b063b0201b19aa99c60cfea82c	mcvspeaker266
c8186e13154c3d3cb70c7aa84b1bcfcfffc9a7990dce7c9ffefdcb030255e635785e6fb69a2e3c12e5c2ed7ee7b5773f54b7fe63e798e3c75ac69298175e6b4b	mcvspeaker267
1b16cc0ee04369e0a39cfa7da277345881a332929e691b80a8df0d63dc1452907f969b8e978e4ab4bef1484deaa98dc2a7f11335fca4f73026431677156aca7f	mcvspeaker268
4a73cac69cde7713017aacf9ebb2325e3b3da29852173e323ba582c3a4171b7817555712a6d56aab58df5454eb84ff6ed1a8686ff01a8586afa8249e41119c92	mcvspeaker269
313e72899dd73018c29bb3a978767d54e89898497f2b8334749d221b77c6adbed766915714de30f41e3c16c9c7dfd18b660ca5c1118b188bc1c7e89d208cb803	mcvspeaker270
3b15e5718cb744efc56f0fb4fdb51a5cc86d13bd25ec6c4594f57d2c02bb8667c32579a2d81023ed3b5f9a6c96877a80c40b7eee1f3a1c5b8cf0e6597aa335c5	mcvspeaker271
9b2ec55f327f681df45771a5974bc872915b2f2bca873895c75fc283de2c0e0d31e8ef76fdafa31c59bf69e815fbb8a6003cd762528667a290ef258ff46d8c95	mcvspeaker272
6f7e478963aa16f37aea4d703527ddcd61fda42d35a08cdfc7b998a0e5dbfcc397fda0f1b82f9cdabf6211b60d50ff61a448b8e60bdebb91ab588e2172ab2712	mcvspeaker273
0e158b24aeef0c21c6864108c70ea9fae815e865916fd6fa7a4dca42ad7694d46c3aa47d22d1946623e718ab6f5cdc030f244b0362e5553f81c8f22c25082b22	mcvspeaker274
e84979fa145bc2e13e975b28a5208bd1fcb57d2a95c873db995b8e99b0b5efe4c71e1925844a14029209ed47c13635d64a64101b75c78cf3faf16256a0676f42	mcvspeaker275
b0afc87d7d8d3fdb02a0c68c1bc51194548492a45eab4f7d425b927802c1aa601f4f9a430c31202043421e286857d728206bc178fa58b0ae48fb5c77dfd21657	mcvspeaker276
8f7f8501212f01de1c33ddbc20a768435ba14ba49a088b54c657266687ffaaf9e7854d6419592c3a1f00641ac3cb46c79b5f77d2de562b99c84751b9323ce641	mcvspeaker277
9ec76123f002f02b84703650445f4de3a13bc7b22e2aae98f5f5b1c7aa3bb609b49dc39ffab268c6785362fbf6f5172e5bb47f6c64661ddd5b6fb810d59084e0	mcvspeaker278
8e88f55ea21fff8f78ea952bd0ec0c9acc3c088ffd8f360e1da26f1120ba17f42a856487ecee003b69e3313d13a2895380a2ffaf9912812eee02c481f3211de7	mcvspeaker279
13580cb5101f5bcc119f1635200ff1eed0052bfb5f330aed3b1a78215ac30bf21fa166d793bef9538a701cb9f2f90f07c2fe6cb3965b27afa3e32b3d0394af7c	mcvspeaker280
9337de5f12494ed748745601dd24a1f660ae850e6a052bcf236160a72cca95e84b0b0eeedc8d7bef3469b85b41b38b813386528d1ab5fca69d47f4dd64686870	mcvspeaker281
3f3e231c22b76faab6d9ef425f5a3a816900dc2a02c2902cef23ab14e2945abf13a4ae4de2802a1b84a71a429c0cfb145eda1f86f24a7da031a58ba32e7d475d	mcvspeaker282
79b18017eaf4858696100b10aaf2d68eee4a2dbd9ca8c0cffae966700a11407aa1ed551158f1723b0e2eae3d52aa7a85db911bf3715306b05627a8cbbb543f9b	mcvspeaker283
0b279e52cac94ce7b19522f41aafdb77b6aa661d2d47b56c044d20e6b667ca5d7399056a04bc21991de24e8f294476e0ced759e9f846e75a758a3bb0ddcca1cb	mcvspeaker284
4a450e7f673333dec82cf626ed041f4556e5ef0a080cd8c2e8e1172b6ab5a1c5ff41c7d2961aa317992ca23dc726098c1b93ce7e13bd550abc424e2ba4d6f60b	mcvspeaker285
1ee48cfbc24820da6e602d9a2dacd144f701494a7a86c8015f60de435adddc979540feadd74da26892715d556c1c7323266fcc5d9fc477c617cecb86c07fc37c	mcvspeaker286
863a7313ebcfd8dfcb49894ed51ad2ef15b36dcca39e2bdb347a75fd2b22ccec32aa9aa65c3a9af0b5a017797526569b78287668308e2926360b54761b11e4dd	mcvspeaker287
66a31d1f3c85f5499ffbeb63c32c4b38fc1b849c1576953cf6274bb9e84b1db81721c9fe08fd0602f2bc6473ecd0f884042819c0d2d335da5dc5dd3bd4e1683b	mcvspeaker288
a4cf88cef40c9cb51fc494dd47e3be1396bfe210a24cfdfdd8cbf48afc83635428d3bd1f3b54ac9cd5e92fe7ccefbd0ff6074b0cdcc187868ae513f6c80bc483	mcvspeaker289
db8afd319442da5d005f0140a6022d7be5c5cb877531e9ba340f77796972b4f9a8e646410c4d13fc91b38dc57c7ba338b1452af4235b8850df5cca0c8219835d	mcvspeaker290
7af0af73a5aafbf36fe2fd60c2ecfcedc2a827936135851f1f079e45e0dfd76645e82cc687fe50bc69530160c8248b663f4ac65043dcaf936ca25fc0be2917a5	mcvspeaker291
942d2c46e4813f578707947bd25a01449db8862cf0a7c6c21c2765a617c652b559dbb0c7864c252a573112d8a95049a4ab2c6e052325fa7417c64d483ca86f9f	mcvspeaker292
bf2289188bc4132fac12a00daf36c83d3fe36d3d505529413757e7f1f0fb773145d25ea485d9392c74ddf1bd42653fbf084f7f48a974b2606672ef60378515f4	mcvspeaker293
3e89646acb7f55584e0b1cf08f6725aeb5e66ca591c4b106f4269d1628add751a6a47a643fb711b19610f89bc8d3ee7c324c86cdf5f9a0677d5dd74239fca569	mcvspeaker294
00c3573be0f443d58ca6d488ef187cf2dd312489bcc89796a578253c328fce445ef8f648f4ee975b1da2bcb2f65ada611a6f09e95f5b6afe1fb23182b1291827	mcvspeaker295
4377bd1a150a1acd9aa2359139cdf59afbef77d0b7860b240c6f50c4c279f6cf91811cd359a4a7c1a49371946a784d72fc9b2e626c695a0783ac6a69bf7c70ba	mcvspeaker296
bb1aac5bf8a59f6a20477f65dc306e0074a6cea984787c49dc0bfb31631d90ca5933be2495ed88695c9250f5ecec6aad637d96e9f9fac51aabf5da093285550d	mcvspeaker297
0a98fb0807798fa81146672ae2ea3c4f62ad7574a66131c9e0babd66d4aaa3605330dae8d5d8c464fe89ffd249efa75a3cd2d2da5c39f746bd193f10c495de46	mcvspeaker298
e1da8c91c08fcdd95008d5dc40ad9dbcf617bcdce8fb9f7510aff79b84fc39f20cce11ef3707009ea18cf3210722f9392848bb6863c0833a8509b760b6e5d824	mcvspeaker299
7434465a4215f55a86ec1d56142481f3dfb9d29ef3349277d6cf1848c51829e61e2d842bae57107341986b8398ec9b31101b05d10318b6376c70180561667a5d	mcvspeaker300
454c6863ee1d4d7ef4e8356a6bdb43d0746c30a726e4ebbbc9846d46863b7c6ca73e6b319230f90825c112807b64a1e1902fa8c34978ab147447cb0075f51178	mcvspeaker301
bad6a6b06b465cc3c51292fe4585aa6cfa63f2917e4f96780b6d8abac20af43656a1f4c8e547b7f88f8ea73bfb50cc8324f31a1d255ee6878a0e9db4d01152e4	mcvspeaker302
c0856c4d3639181fb17346d1aeed888b300c25307423ebae6e6406359b515b0c9b8ca457049ea125f5ad5b03c292af802fb34d6330b58431de68e5c69f1d7dcb	mcvspeaker303
b3af407797559dae73801371b1fdae8bcb3e301548e8eabeaa4b493de01f8c33840c5d50b5009656c85f5419d4d8b355969670a4fe76c9c171145d8ff1e2af99	mcvspeaker304
b9e55a7ae34b14aabb99c0bc46deefae8d6d626c04771a302ae5e44a113b158df07ba9c095a2238d8163b3c7645a1c1b8d90624c38d53fb5d7c334074ae36465	mcvspeaker305
af961af257769f86f861f3dc2d036f798620065cff2299315c425bb1c9b1c12b0f5baea89662eb2965b9a43d985348eb19de9c7e2c0758d336f67a7d2b4dba41	mcvspeaker306
9eb8ab8a6db2d38382acfaafc5737a70f4a668b125855d803311327ddcb2c44e2064e564969ca0625e1d51e912445e498070f0d13cb51ed54fe6002d8aea839d	mcvspeaker307
ad217aed0780c6438f2c39113158c75e24b4568fe1c23228b91164b311bfc96ef8ffec26e8559c8a7b3d1d3fa4f3d4828fe564349b72f76b337b64343e812029	mcvspeaker308
e7f76d7dedd9e6999478ab1cec1f9fd0a4289101d39cb6281e0f7af8fd03a8054b7f9c84e5ac1fba4f1ea1daa88014e614c52b75ebb94547c09fddc0fbe9436c	mcvspeaker309
eabdbd99de24f521399fd8a205e97fef67b78b1377a854c515b07a5338141ba235eef65737d8d0bf33219d62427207fe2d12c94208625e7508aa051395e01358	mcvspeaker310
c413b2fc95eda2d2f14a68ae8f5deaafe919c34cbe289dcfa156437bcfeb6051f0bdae2f71c28525bbcc66c70e891a88455c55cf9c2d5b8a612b23d304b03b7b	mcvspeaker311
0177e5192f28eae1443b50408b1a9e57bb2d026457dd0e319fa0879f182fccd108d81eb6dac713da4a0a8caad85180d6e30cb51e8711f5fd8ba177868bd91f17	mcvspeaker312
0c55a205b762782882f643d14a4353fd5ba6653b57e3e917c2a88b0b665447e87bf76c477caf14ec9350be0865771e56b3dc8611dbddf6455c32007b77b6bf9a	mcvspeaker313
1b9598b70428f21dfa543216835c12b4722080477398b23f7ae722815017e0b971e04b1a5b422b7820ed8557ad2072f81f26aac8a185c44be833c542a3f732fc	mcvspeaker314
54a13e8827eeb6db38035012072acf6b47d96163af34e5400792a1d193a44fa28370e7ef894d41f4e8aef799662b569026dbf7e15d30a043d36ccb703af43ac6	mcvspeaker315
3de82721a1a4445c009426e9baea4d8810fa1678cea924fba5d0b5bf690d4c95e0b59d033136a31ba4cc8c34fb07a1617bb3722cde088dea161b3501368564d6	mcvspeaker316
95ccd5a59085fff95d71d166e2788dff1678721597dac20c73323442123250ab52c4c517fc803935b04bb1908d6e118b21fc8c33a3311c123acf7d51d82132ca	mcvspeaker317
11b74c7937f7ee59e17ab750976fdd2cb5d325d730782e0e2aec2479f6ee09ca805da91ac57a5cd298c406b9d1011a9f693b372f8ccb6f4b6938474aa197d451	mcvspeaker318
ac1172840a0acc7f33cabc7c17d6f39956a076c5d3d291d23f152df4f5216f3be08c0495e615a47ca90778be608fa3a8eb6f895a4c3922d9e39b2e188a5c00a1	mcvspeaker319
90ddc67784fb8569ee19c18b6d13e9bbd7d5e410adafa5cafcfafde33fb31e7441bfc041ac2879b20ecabc633996b2875d512dd4579cd6db4e2f710142957728	mcvspeaker320
91adb2f39ec782916ca5062866078c9d9e029ecd29c62276a9472fe179db7388604920612f295848643939da40129e3f975f3753691f6ec091fcb863c2b0aef8	mcvspeaker321
e8841d86b0c1d9a8ef2b07d15453af9c5f4313e69c025c288c1756c615cc59ef8f60ddfbb29957f19ca4131557dd06061b5895a059ecedc6de46771edb717a87	mcvspeaker322
cad124d41e289ab552a8a6832fa8026b78fd76d3a496ac8b5a6d4bb07f656dc67a8f30222673b9dce4b6d197f39cb38f612f8aedff3344ae6ce10472cd0e476d	mcvspeaker323
45e61568597ba528534b58493ac1a0bc5a0ff55607ec20da6008c6abe0090f3da3c93fab1b44c6d86206b35c2929d17765de2cc33116bc714f15b55e25750e7b	mcvspeaker324
acaebec0a930ed70fa098a28d1d9fd2b625a3ef57c01443dc66a80a3ab4ac68de820bceaabdadb9e264452b6132f1bf2e78c1690e58bebbf2b8a96fd70c6b0a1	mcvspeaker325
617d8fa7925c39813fc5634a11d965f23fedd339eda9ad4011b7022dc70f5288e48a1e5f16fbd6cd3a041eb64d223bf3e510b95df89448542bbfbae8f59b898e	mcvspeaker326
8677bb76fd38c253ee2264a35b47dec981e811ee10119c1152735c46b62a85dabd940e491cc2645de88dd9c3ad1f78a953edb427b4979aa028bdd6714338553f	mcvspeaker327
d892f54d816fb0d249ad44dc38b726e58cb304151e6cb298f38a53c8b34e539210805d71844b05fc01eb33ce6b1803622c6c01b1aa99a26ab213bec08604b2bc	mcvspeaker328
d1f5fd7c6dc4b141d9250b36c82eac009cc0792d441a4c071c61bbde6d2f46c024524ff074f7d853fbf955fcf69cb2fcbdcaa25cc676da985c08d3b7bb3038f9	mcvspeaker329
f50f2fa05fc72bd382d67e4509acae71cbcc93e1c0d249b2559637fc05f94c139a0b81df63abc43ead58ae97fc5d32a67f70f7e99d8563376c5503158a5b43c5	mcvspeaker330
a4c8c66deccfff3771261489be9fbb89d87294117ea76af187901a60b53d933e3c2e7c381f9c4bfb63515a3f0926d64ab3bb51b55943462d98f1168bcda7d1e1	mcvspeaker331
e1461193b4544fbdfda7d1327c6c973783aacec1542b34ad7ec3df1df2c8d3fc027eb798b524c779abc007d0a948e6ef04e57f12063a3abe6e25ab630ca2e2a4	mcvspeaker332
16a42fb39d35c891d4828c28f5c3207e1b29cf231abf35305fb36844e0530c8b7d2a703f3c3e8e3fa474cf9bd5a3ee5d30f880b252ed831685882f029734e369	mcvspeaker333
7593687ee0b5ca14f7f717f405e09df921210eba9c074c85556fab1831a27d1409bdc5956ad1fb03b810058ccbeeba0ddc2ac9a62b1645c3d9935ab11d64c419	mcvspeaker334
c3a45b5a7fa7529867eca049b5fabe82def7c7729fcd49fcae83371d5f3ea5384c0cf3de1e5451c699a565bb2821fb7802d31590bbfdd41e1a00d0d1b4f31f94	mcvspeaker335
c429d62c75e3ab71039697697556abc1e11f94be6a2359cf39d3a09434f3ed59e8c5e0cb63d72783cfb5897491819a808e50b3e0ddec05d3ab7a7770fe54ecad	mcvspeaker336
3e925513716e498c72bfc096cad17086b57886bf5870ad90df964aa0573731626e75f31a81b36ecd81a6500f43951fecf21d38fcab6b4a9b36b8a9723df8957e	mcvspeaker337
cf32423ecbb2f486bc4d7d6ed9007ca653fb369df74f0c189cce8038f8dfba6cb17d3b52c28eb352e5d298ae0d90439ec50b32cac28271336adca43c0ffcea0b	mcvspeaker338
758c06b7e7a2c43864395767f210ad3c7e729035dc8c33e8e40b7c8eb5ecb61116c9cdcfe87b0268b39afca688d25dd4536a41c7286a0e44e35fe3758f487d21	mcvspeaker339
9ba73e1e819d3c0931b89d85e7b636bf9045a9568fdb5f4a253fc6ee799942a114c3b024396323b0683b76b3b4cc8e62ad565871bb44f39f053a846f7be2c28d	mcvspeaker340
f76e1ec1f90752866e096c5dd584ea690530fdc0f6900e2fdcd23011a80acfbc16e78ab185c2452f81a3c27768fd0a631f84b3493f62bb49acc7b3dda1962af3	mcvspeaker341
2cf63118205be39fa0af57f3bc302a60297b4593ae2965214679ec9f2a63db5383ac6cfa4e766d49e8cabb330ef49dbe88c95bdc5f7844a222823144f71af230	mcvspeaker342
28f56cfa42250abb082d8c28d933da6107d8d4a29438ebf007d05a0646951234959f4d1e28dcfa406e01e4cd47cfbb71b2d7cf3ff3694b88431a82a36aae303f	mcvspeaker343
7c8bb8122c3004911f70d2d625d265222f9466ce193913de85165b4624bf3caac5faf8da8f20dca28206da014884cf95d60da164ac1ba3a0feb455786ccb900a	mcvspeaker344
c3dddaf1a48190e8bef1ae64308921a9cdbca3a01ae46a5342d7d35b6498b7ceca5f3cd38fef6dd17581b6b0ca2a468e2cbae52e0128bebd0f5ff0316e969adc	mcvspeaker345
313d9dc56319ee29598db1a565e7d6e938fabd6ea606bcc439fc9217147b910d965cc272756526407bae86d15fd8caa4697bed90e497019d85a288ea72321d1e	mcvspeaker346
5ceeef037306593fc562fcdf245eb82fd55b765e4e972ff18f02f9864721bc2108d6cd9c37dd4f2c39ca54a5a3bc738b3c08b4c472a498c66bdf4eaa93d30a59	mcvspeaker347
241bdb890336e245aa0eb04f7693dd6ff0f6522b90982366ec72f0e1077014a000971bf6237b80049f7ec647605cb358effade58b34d5ef092b775779cc351ad	mcvspeaker348
aa4fc24757a92f02a0a702c82b4a6ac6045b1d8d1163c71299afeddf903354c2c884b41492f467df8e570376a211d82e7ab555bdaf7a9971b851cb1d5f20ee96	mcvspeaker349
9d59a06ab5a0d98132a09cc56afb7d460b94f094e35a353c53697bf3542d81dbcbcf3115a464ed55f9a32c2f9809258ffb15ebeab5ec85f268eed8c90415514f	mcvspeaker350
fa36aa5ed64caa45455a91b663f482afa6ab7ab0eaff19cf9a4bc31c65de07158cc47a6b333a213178b245ce043b9533365335811b745b4d083dc16ee768f02c	mcvspeaker351
2ba99fbac789af62a22522636c3a0a13801a8d0f7e05404e6dc147bfd289a3c5b257ead21c5aadb08603085d5e91435643f4d5d52918341de79995de003134b1	mcvspeaker352
af45329587cabcab414dcf5c90df7757f17c2d9d241d7cf11553bd221f17e55d28cd13aa0bbade534aa7be17ada3cf5884d45e361c22734e0399155ba9f1d790	mcvspeaker353
4d50c161dfbc6f5819c06b312ea394972f6b59cb8d359ce52abe6bed088410041edc3a0f77ba8197e11a1d7c82193a84fba70f695512ed630776059c0c3e2214	mcvspeaker354
3cd05c0e0b1e0f540f6ab8c609598ece788a3780275a5e9a892debc517185d682c1f704d4bb6c55c50c6715c45b4a462420d3a760a250a7b7fb5b1d53d6d889a	mcvspeaker355
bf648dab1b4490f07144c3dc2ae933e8c8d9850de275eedbef370693e3e31616e69dd02198f390428c72d4f2713fe26d7ccb19b761916fbdad284c7e37c3b329	mcvspeaker356
e2282ffb7c90273b0216097c33c82eff0473375cf20521be5165e545b172b471b437c35c867cf99138832de175fb7ab6e5bcbfb8fbac7a3e752b01abd0a6c676	mcvspeaker357
220180de240ebf976512a8b3cf4ec384f5b23faca6dbfd07ddc92ea3cfe30580da97ed316dec33f001c989945e7a9858b590b9ae3e423871ebeeff9207b47a8f	mcvspeaker358
2475eee5757c80be27aa6ee4ab1ccacc30516bbb174805f1a44af00a2d468a29d41cea97a5cb16e2179e0a734e71827df7cdcad833ec17d9449c482938d4b965	mcvspeaker359
ad98dd7ce185e1f714876b7c82f6624b46bea3b99aa4bffb338e04bbf4e032b42d56bf3aa5098a5a5896a70903a1bb38bfe4bdc8bd8de50f0b9b53be073e38e5	mcvspeaker360
07d156d3f6b5c3b73df12610a07b6a2c3451fd708e49e413ba7fd7d17b6555c41193e6d3a3c283f2238c8d448a20031858bac0f7358bc5e4248b4c4bfa24a9f8	mcvspeaker361
8f5dd01514acda7e5c0af74a1cd5f997f70eaf33d671fe12b4d1408745cc730b37e5c3661d985575715564408fb556d50ef6f6e111f31f7a3b1693fd4c04220c	mcvspeaker362
a89afce0565c87230c7b89151af284d60dae3c1d61ad9a7f1f1ad894d88b9d90fd88d022d3f6b153f032d8697268c810eff31009df315d8972467d64b72068d8	mcvspeaker363
b020481fea84cb5fe0059ba1ba2a8ed264f4d5b3252adc16157cc7073888b303a574b560618fbabeef6f5b1487f5d16e78b7f7d3c729ee8e8e24a3eff58ff911	mcvspeaker364
d548fa75d29e7e01b65563c7920a06d8d282ea51634a274f8415dbdbff2595108389ca8966ce6747d976b4fac6c08f3145ccdd46e85010f6730d1f6ade5ba7ce	mcvspeaker365
5bea81b9d72f3ee8a6c129da6430544cfe43f56209ba44c8a10e55030e15eab7e5e51d96fbee0ae8ceae49c14818c376d4bcd4048580125c79cddee25a7f2af1	mcvspeaker366
9fd4e995e2a1006fefe786c28652f48e73f08f4f7594ce46ceff1d484619f105d759521e5b0d17b4d428e9e536524e229fab1ae9ab61b09e0e0da15cab5fef74	mcvspeaker367
5fee886c442b7de78d4701141594e84ccf059ec63d05b9ee8db69c6d22272faf85f698ad0ee34caa1d6e1916bdad298e93eb3dda99d08ba3099a59fadada8fc7	mcvspeaker368
abebe131135559c5e69761c1b6d13c7255e35da91cf6a4f61c166636c42398eef10493e879e4a600a0c236aac30e743750c0044c5c9e8ce83a1762f6df405f52	mcvspeaker369
e2222245041f03ae0f444c01c77524acb97955fe2ba78414db14a89ce62cc280a09511c27b8204b1a1be64328507c4e749b981ca9a3bb9b9de7f86a284ea3ebc	mcvspeaker370
21ee55f568dd81de30acf1dbb8e9a187a3a7cf5213c18d41148a782038b3e1d29c51973777184fc566ea97cf39d1d734e8cc2f430272be0f514fb5e1c2b96dec	mcvspeaker371
e7f0163d11d89b848fb211ccc774a57b57efb61273582d7a87b258b0bda833b53c0f3aa47a8c76dfe1451a286add2630f7295e3f41bd27df78486c177368b009	mcvspeaker372
d6ad2215cb4e7747fb8adea556125faee4038c14ecf1f6ab902537ca8962f5b2a4c68cf585f38314c600702fc3dd5c21952472588f9c07e75d66e865d192eaa5	mcvspeaker373
4a84ee2eead6a5122d32b3a1dd750cc85d7be70463a2367e840d4387545aab2f7f35caf8af2e450de9d31dafb92da585e44e748a73df9b409cdd9cd91596ed11	mcvspeaker374
e02729845bfe2faca7bbd2ad780f805147169e2c583eab35626c8a489b4d4a3901bf02b67fef179fb7dbb5dde255fcec899d4e394d4e986e30c681708b88e0b4	mcvspeaker375
ce7adf0e6ede66d0d8abef2c2d913573aca225d2f7f5a74a0254ee7ac9cd335af9cbdc905e2a3d1370a25fbe02522cc290f8da1e181e8d694ec84fc8796f2396	mcvspeaker376
47d2d0bc9f98707f8d5801023d3217456fa5212c44327e5fd40623a7d7379d16366e2c6c8b8b8430ef48787ce77b050981cee494797217e25a29f8c80381e2ec	mcvspeaker377
f9b7b510b3d43a47b3393e45271fe8aff89fefd87f71cad9099ab740986b924bd6d6c754650d3b160bcfc82fa07ade81443d7f242ba9cc084169870f8911b22f	mcvspeaker378
e6761e271fb9ed51c3461beeefe28a0e11e5827e59a44b0b3157c31d6f85046b2a7c9c205dc195332bf44899366cff94b45fc4c2d4662c26bfac30c92841ef9a	mcvspeaker379
53dd1b8a9d4be9e66b684ce9f91803c436aa2c9ecf1ff9ce581f8c2abac56d959a90a51b1ae11966a7df96101206452204a0105b3673ed9cf56d43a8f92f8879	mcvspeaker380
12e6ba38f85706c5b2e85776bd674161a767edac415df89a71b348ff28c0fe85d2890d47e4bd1cef2b3acf2c2badbecb217db7e07288701009dbadee897e0b86	mcvspeaker381
cb71a1c86c7e8a2683386f014fab1536830d94384a0147cb38fb2bf3d349d4892ded9ffa4a3dcc41a0ccb3511eb0f476771c03f6fce7b1090aef256de990768d	mcvspeaker382
3e9a655633a1c5b6eb46f9ae40fff56c1315e53860166236ec08b92a03270731508ee165dad9918dc66d1563b6423bc66f5534c2e5c22f074fb3bfcb8f18264c	mcvspeaker383
25e0d393311f9edd755603ed45444effa4887049f43cdd9738c807841ec0aecbfaa3222680a38c1f9e01fffff112e9827771d86629103318e432857154edc910	mcvspeaker384
71b79933b5210aefe00a7b5a2946360d67ff43f7cf1af092cda79a16df9a669c2c607f7590fff835c35043a618413e3c3b3e09cc6eaed73af7fe91dcb10ed8a6	mcvspeaker385
828865cb9bf8b3a60370fb297f2d2000e5b0b09af3508839cdbf346f911220a28b51f06c07c156353e71b5656cbbe6b12a6d3af45f72fd8072c2429341be4ffc	mcvspeaker386
3289188df19ad8208dec4dcf4ad093c468be8120ba3e9b350662fa797f608afbae929573477209335913bc35a74c650d808c36d30d6193c3b6dfe2d59306fee0	mcvspeaker387
171b7934a9cc814a133517eb0c10e8d978eb0c05b092d7aff253cf601f43f418817f3fe40838c9ac23725602169b7249353f52f9fcda94cf9dccfbf1d36b0a5c	mcvspeaker388
f95831da5bb5b6283c94d656661db86ff55ed1d44949e3d2db303d5d719a9542706ed59962e5b1955e755f4ccb40eef3c74e60860e5966eaba58cd0a1586a6ce	mcvspeaker389
804414612618c6fee732cda49be429681b2b36d751f8c442772815271c5eefd0e8eead7d2af5a79a4aa8c84411c6388c058dc432c4f20a7b68d6c9852618bdd4	mcvspeaker390
3894d9dc2e1c2cb10aabd4991c5d2433d54c11927f6464baba8037fe7192161bdfe8cfa53173574b9ef14ab5e6351d26d517b54194f4fa7498f960b38e6b42d6	mcvspeaker391
816364629721d278382387f55481ac219fa3cf05a2aff3a9e9892b212bd34a0e36c68fb089b1ad5f169e9f0febbc5a75c9118803f97908b8e7b94f36a959aef1	mcvspeaker392
5ca572f4c58820a9d5c70318295f6651ec4539b8e11c06d0baa85efefcf64d1be62d2b106e02305578726af1c363e8001499d3d6762d79ab21ea358247846c75	mcvspeaker393
35d7df8830a0a2b8da3afecf87ee0d07e5e72e64ebbb6d74dcb4749beac42c9f79bd22fb38123ef010d428f3c873ec2d64ec93af619ce85a49ca90827803483f	mcvspeaker394
15eeac1471cd225a23830c8d11e23bd55972283274fca943f998a358276d45bf77420e21b7d04eb2444164ad0666a2bf3ee9cffd5ca9167b6666feda5d187bb9	mcvspeaker395
2dc57390254fea9a42d9e255834e86114c1d2dac7887838b4338de7f2762c5561932ff29d6719441e327f669dad7559bf4365809fe2255ffeb9a19705d6cbb6d	mcvspeaker396
dabd566a501159d919ebf5fbf2003276f010f17ce8fb030f461c113edce7d0eb8eb38eeacca8a939b253d1d79dcfc28b0c7b81fc2edda852df2791601ad6f733	mcvspeaker397
1a8ca911095a7d0fc1900b85fdae00da76a65a70694140f631c4c89f794f9916acffe21c48a0280bde1a4613c28c9c0354538426e06bbb53de300539545cb1d5	mcvspeaker398
0fb6bcc2c046d1fa2947f03e150c643a336a042f802e093bc8f8d02ce03b61091974a1132a904ecccb4de1323f64d532fdd849640e74587a869c056b42bd6c7a	mcvspeaker399
852a2545465be7da74c5dba65038552c493400954e870defe3cc31d2bc4634cabc7653c86c0cf415f2441df0c1ec22d00e1442f23534d41d4de5e60dc7f983f3	mcvspeaker400
0fe071642f5b068218e7943753f98e7eea7612e952fa3a9969e9eb30fa103a66dd979754d0a6b29fb4a0935ebf45ff230cf2727e5ae13e644c6fb5508aff17de	mcvspeaker401
d81979bf14b9a29a3cab9edc3c8a0548cf493478ef44dee973ea28dccf3c4e67914cd725745d0c47a6cb63dffaa5ae90c047176efbe47ca1db927838dff02d81	mcvspeaker402
ad495cfba3019cae63024688a48251e527e903302fe9079a2b84ae6e68e1a598b37d3fd2c45b0f2d3101fc3b47de322e394468defabae1b6ae7e9e8544a32849	mcvspeaker403
3de37dcd4f5b8d1ccd7c44ae6340bccd8857c5350aca6a59c1325e3cf8720f2d46b0f8d1e644a8a433c5d7fca5d7d985fb74423c647be67c36fe45394041be35	mcvspeaker404
747f850bdeff34e7fd7ff44ae60073b401777b9c72144fb1a4258c8c240fadf93444a77824af5a61409d6ebeecbbf8d6c347238fed3964170fa96537d165c26f	mcvspeaker405
cd9b3e456c68144b73f3f9829ec771a7b263573cef121f473536f623cdd80f2b83098cde6bb93943b8b8bd385cd45be8380012580b2c3d8e9f08fb4f1cf39c4f	mcvspeaker406
21cef0777c272d1976a578f0066e797a7ee645a951dd7ebc44eaf7e9893a0ac39389db510c46fc4271f4875d4b07c93c0e0c976231f1bc8ca1481a5457311ea5	mcvspeaker407
90cc203ad30c73a07bb1e5e29843c7aa0e32db6af82e40b192eea0b30618a7c0d3a5cbc97faea3420f6a2a475bd3b92c2cf273341b694fe38c10ddb4af830a41	mcvspeaker408
7482795500662cfa7b11c75488d2a6088d0aa964dd75a04fcb605773f87da901e951b307ae38f9410f7aee0a946293a49a6a49562eeee14a12a4f9579f2f0d91	mcvspeaker409
7c4bd371bf2b4dffb7256f994c12241f94bb3b1ce8a1770b4b59a55567b743039aa296809833eb672138dc89c1fdfe77eb4f10e8610531b2d02a0fc220d35a46	mcvspeaker410
1b304bfea5f73a30786523f1876e0d73d9d573c11a98bf17898f8b6db94119b07b853070f37339c0f74f89e5294c8eb733990b29a185c8d55bc86bbaf4a8dd3e	mcvspeaker411
2fc1fadc00e53f64781f79a85fd9f38e24871d8c86eaa1af29c91cb0edb7ab18638b43e2524a1d2dcc7a2aa5cd0f873f311ddfc4eaf10769bb2b2609ded5998e	mcvspeaker412
13e6c61e4bd1ba65a1a7e31546ce30412e36276cd830bc94083d44ff8eaedb179e0c0f36a39e432176b6d34e0a61720a400edeaeba09b3d7f23ae2b9c215f857	mcvspeaker413
da397de2114e120b0d60a1f658cc9c53d63b4aee655d75e1d60f089c5b53da1957d7f173083cc5a45be6a85e95160768c164e8685497c63b9e4531112afada22	mcvspeaker414
6925f8ffd7eda4db6172abcfe98efe22f29eb03775a250c494120ae923fb80f9a834e1a6c49b73d52bbfb5325359f25565f0e6fd438d90bc425519d6902c0655	mcvspeaker415
87b42e85779256f12cd8467a8790384f4d1ba3aa2c3821b798e151f94702c8fecb77a8f125195bf02e72b9c5cf01c3d6ddda5e6d3aa87b4bc525756a8c2b8807	mcvspeaker416
56b117b169964349dcb10c107f92278e3a69d5d6b7cb56729dcad53086f797568cc37342a5c0f49ecdb67334b8c704cbeda5f19ec8bdfc48eb4d091225b90212	mcvspeaker417
f26d5a9d1bdfd3a5604b535ee2e9a8e7c0ddc171ffecd7e2e788dd3a399b4a4f14f378028ea22b0fab365b221fcb89fac317fdf415bb39a1813fd9a0e1e22db2	mcvspeaker418
95a40f56f6a34b911091a96b155dac00099f843a7a205d34536f1e2751887860216e5dd4309eb7b39ec8282960e8add93d35abccb4260402fb7b066e3bfe0bd0	mcvspeaker419
b4ddffb8554f93119056187ef2a1f65492ace92824767f6210540bbeb473c71da5c39abb9d52154a0f1c01b976a6ceef3bee04f9d8a3aafa9412495cf283c1b4	mcvspeaker420
b2a93fcbf286e3810501e4e7d18cdd2ef97e6fcfed78f3567995e3d456e5b36f533df173ab77582e18b5489506edb1583ac1ae86329790815044b940402e08fe	mcvspeaker421
05a75bb65dd56d27dc67a2af47052e3b3a2c9986cc8b497a15353ee17aa955a528c2465d71c445085d03132dc6953fcc5f151a0c49e00360bb890331f0163312	mcvspeaker422
dd3d25814bb7f2bea1a676fd246953a3d4c1a8679dfa3fa99ff4f13ad6dc064c13e5f2d0a0b669948c14f6d675e7d9a74cd1583db93adf13ad41102d0223ba99	mcvspeaker423
399c720f0a17f2bb6cc80181057ac519562032d746d105b6eb03286c4f6769e28efdaefb33ee38969f45bd3db3715fd7f59ac6ff466ce3f0bafe598f96b44b03	mcvspeaker424
7e3495b78df0ab083eaf14ec355cb748e32596e7160a384192a9b14dea2f332cf1cddb882a1f864c2b4a677a00d72e52b3b64a0d3fc1ee7555f88d54691ff1d6	mcvspeaker425
370d8b7352b461669f8ad01df57983fc3bfe49b8662f292aca48c30326a434816c5d874d4b2847d62b29f81a2f6ad3d239a7996740e657ecaa7c74a6bda58459	mcvspeaker426
5bae6ee79c942d3862e3293198044d3b4e33f199c4ad1b2d2bef9d141b979bb4ca29a0d1034e91c23418e382d45478400283a9aa6eca4b04c02a5ac0ac95e331	mcvspeaker427
4399802a7c14bc0b12f257ad163199c87940c5a4f55fc72cdc07c00e1c7197af54784f53437704e902a28ca9b569166b67ee03187ff55c4421cabdf0f9003e1b	mcvspeaker428
74e143a35ecc7f6192b7ec8f1a5b971e30edb8dc5126dcbe13875d958e81d7b1f54257794f852c9a2b287a8ce795716e264de1f5ae331de374aa0d7ef73c2f0e	mcvspeaker429
1b74c7fa064d7cc671dc9b57ae7245a3a25ddc13d09b06de03ddf718f27c77b54dfbb122b990d3a22c3ddcc373c36ab666238c146c5d6fde18a9f4387ca8d09c	mcvspeaker430
a7e421ccec42fda27d7d29292bf311f8c366fbca26396bd91efa6894e1bd44b5caaa901b0ac9458e9f5cd9277900661a552c142255721040c7ebc397fe671b75	mcvspeaker431
c0a88e803367afc3cb34f78e6edff14708db304dbc3da607afd2bfd795b334076b71ce8ec874066886559fe21452806cd817e6d1a0040a8ab0a40cb0b1a2b778	mcvspeaker432
8651d84445d93ad1eccae5af793d9a53e71f18a2d41c2fb201a03a1338a935c49ec82fda7821e6e277e2eedeeae6944d72af6ce23e804baee65e6bc18e16dc6b	mcvspeaker433
b8024855af2a767576a75b5b9ae3dd7fd7aeb23ae73772e961c8dfad296d193734e0ca0d922931e73465ab2cc4229f1cf34cb8ffe9d1fa6f51eb4b3921a5606a	mcvspeaker434
93397502ce0fd61fa22898ee149e5f4b3902dfd1094e2ac1eb53b40ee4425ce42db65fa318ac018998f8615969b1480840b95be8059ca30a612eed7bf33563fc	mcvspeaker435
2d8e9202139e89e9ff27703b1c37ec8cfab7bda11801d08541893a5b51b30575bb7ec510b541de0888692efca149011f35d7aa0f56d577139d110c36485ae622	mcvspeaker436
a530895f1207d42e8ff80739ec7a164a427efa8bcb860b96dda85bf6d4004149fbd07058a1a723933713b94b1b12d3f916ecce6633142740bdb05699f9ab24a7	mcvspeaker437
32cb9a1102266da37f7577b5b85d93f9216451b84505e02629af41f4ac022557ed84fc7312f177d469dd46a9d3e46a0536bb6c04bd46985ade816b22de239f09	mcvspeaker438
c5dd26e9a252366165270530b726c835a52759212fda8d5272b5f1577d5fef245f960ac2594c00a86be002a4e011a0893a8d7b6173464431b7368edb50ac568c	mcvspeaker439
2a1b8072a50bffea56ca015a1cccdb782784a3095001357da42eef21db47325604183115eedcb924d5c225301997d2d0ad390ae6e77de0f77e19ac05616bac73	mcvspeaker440
4a0b2e1d351485b2b6503b83027ad6f2e23287d7278cf6171346a2271dba2ce9e349159a7b095b7602adcb28cf5bff0589637b835af86f0472730ee3d007a69a	mcvspeaker441
71be0c7d9c1159eee9e9bb3c18e5bd7aec00814cd44ec26fd10f95c6e2d8414a2916b727f4f6ed97b9040ac5360f1500c5f4b5ee66b67ecec74d150e32a1db04	mcvspeaker442
db49c016e08aeb4e2c015c778167650c2f51ead40df7e01e8a23887bd3164d96d0329b67cfc95752a734b4cd539e03bd46bac42a2fcc0d4b2f3aba0ce05ee36e	mcvspeaker443
05ee031e87031097c06ce31819910e329ea2314d037ca10179d7714af6ae105cc9aa5ede5e52988ef3dc143a05307dd6e0444f18ff1817dcea43dc0e3724b4d8	mcvspeaker444
ea799e8b77eca966f24994491d7c3d8cc4e88cafe9a742a4d8e667d63b4e5d799b6be8a80d61f4a25894fb5476a7bc41b875233419e9bafeb2ccfdd478423af0	mcvspeaker445
7ecaf0c2cde3b34a8ff076e01c42cd00c81ba0f683ae0c0296ba6c15f0cfc5913005c580fc3a85b271b37220b3b943c8a83c372fc639836bb58ba251963c6c72	mcvspeaker446
7ace6167d7bf505499014e2ab7398069aebd3acaa1600439da1193e273fb61d363a57c04c3b21c4aef6a936c5c33a8b96b0a1a2f4b85cafeb13adfd178602633	mcvspeaker447
049b3de3ae6801ef5033ec9f70f62ec00b5f76d907293d84a86495863b323a231ff3456749af25ede69fd04eeea41a820df6a312f1542507b90e2f1f9405ada7	mcvspeaker448
4e0461df4d14f43f419419c8b03a568ee6f8fbd5a6e314839d92942f7c63dafe45ee00eb600a5fc668e8729c2724b96c894dbac630fe89a47be459b692c1fac3	mcvspeaker449
6051de15d83eef1880fed4e749af2ce07c507bb26103f3d3e73123eb8930b552bd6f706e532c2da48b774111988d367adef50b195c0083953d81f6d4207e7ab0	mcvspeaker450
f569fc0acb14cbd2393979ec0fa82f377efa09250a19ba6fe8cf3c6f35dd2561ba2b68e56393423052302faacb89385c9c7e610c08a699361a8c041af9f85c38	mcvspeaker451
adc9ed9fc1c79adf960fbd280d18ec76fca8dcfd36c06d89864df850fa64ace18b4fdac6509fc4c680fbd9b9623fd44582a09d4029ba5a60eca731da4d5cf09d	mcvspeaker452
b72a775b0286078a502d36ada48aa38be52085c781ee489936f8f75f05e661abc32dcf2b190aac614edf49cb0bddebc670a23d4e4163599985cd5ebfb9824e31	mcvspeaker453
d0c0c9bdd1997e93bf70b52f3fbc9b9b8278ac76683cb6f1a7288f953387d6f89b55ac137f440994113bfced7bd5caf0629a48058af24a3e5217c5e6ce417706	mcvspeaker454
7745beaf93ee1226de9a0642afd46d173fba4ca8b0f7ae78aefb421c8446a8ea1b325702c5ebbf0ca02b04352e87ba9325c5a3c137e849e9bdae0e8c932f871e	mcvspeaker455
7c7480f104e95cb64d1c1357a6c3dd7b1715c22c18effcee5bcda2dbb1ab68c39b2fc04f89096db6b52561ed71cec5ec1bd239908b2ab9ce33be956cb04cb8b6	mcvspeaker456
5b8213ee0a096cb5bdb8cc1646a6dc859772eda905b6e2ca42f83cce9212b4691d50cc765d6ca6e70d77c80bec8c2ac15fe471dc64ac40427762c01f414c5f83	mcvspeaker457
db59d2632bdb430fb0c1789fb4ba8eba47b0e7a17eaee1a4473d800878f08ad623153cce4676c4a067077a7d33c0edb4d063b804e3be3f64d9eab7dc158d24ec	mcvspeaker458
84c80557b9ff06e4b3ec5635e4fa60c9a93e7b706289a10af42cf0ff1a3f6496845f6d33f34ebe470cef8eebc66b01dacb08b04a17158272ba5d95ac681e0af7	mcvspeaker459
02fb83d7d4ae6c775ae663cbab22cefd2c99e28e01ca189d7225e8dc9b5f1201da478d3a2814fa6fe5a93d076d1e4ae37a676d6fd62cb9584ce36667adcee91d	mcvspeaker460
9069b832848d03b71645c908864fbd83d6acf7a1e14f2c103c7ffcca36a2403ac91fae2e2e4ddea2adf2980458ed30ae68902c3d2d760b7602776d272bd21103	mcvspeaker461
8226155f59ef64e34ce0df6605556366190b1add722859c5e5ba7f612b9216484d988f911690098ed58c3b27304361c73abb9a280c5ecb7299ec23dc482c8cdb	mcvspeaker462
122d8205c9216bf1b98c25a480779993614e5b417c3c8c5240d8a46cc37775eb50ec2213532beab63b95957f4b95ccc9f059edc2262eccb49244c97ed8e4ec86	mcvspeaker463
243ea99af68395a4187a9346a8dc0a6c25cfbc9a0279262b8c273d573c60bfd1ad26e77e4df2971487108d9a431d5d456a86238aadaa35d9ff9f17f044faa014	mcvspeaker464
bcf080f712ba43284a17a93251480d09849c244af7310ea3abcb9e7e5fdef7d3ac85550c6e209202791c763e2f2a1439446383d30144fd3ad6cb48212e981ee7	mcvspeaker465
d52f520862b5686ed044234c132c7f2e98bf1638d2faf8886b680a4a4f486a66ae6e929165f8bd94bda0c0a26a78a4c68a08f9c25a36ac938c22987add2ad9e9	mcvspeaker466
f0b8c975c1fb3066f96e243304739b575b224fa34840e05a7140703964f90477726732545ebf51efb5ca7c7fe3a76c674af48c899a4f266573365be841d46860	mcvspeaker467
b0fb060f5b70d338224cfb1a8ad928d4c1a982e1d13c71f0dbfc598feffc4eaef34bf80698aaa5c4a8a528b6a9ebd381a891c7672ba1422ebc820abdeb4d932c	mcvspeaker468
5feb355ff17c682cb3decaedece98cd8b5caedb5a6403f4856efdaf2fdb090809d6b742f28beb2385b86c9af520a5694691b6d780b38b2a79e1c5b0a7a4639d1	mcvspeaker469
b40f46d50cff781adf060c644e68ce82dbdff20acd1d366034169ada58998e87af5ea809183a76f5825bc9d361e88af68c3e5544896c7461756e6abdcef1289d	mcvspeaker470
0c6b976d8e3b7345b9e7e8440922ee30e8f05cbe4f7dc91c35e88f93c437452c6565879df2399364aad09a678ed105d3a73d1589cac38ad3b71dcbc2f548b0ac	mcvspeaker471
ca29bc60f3f2219b5ba2a82f5107fe4f9c0311318ec061a0dfee0ad3b30694930b8dd1e6a70d5ec940717129802b37f8fca10ec83ece880e6e027ccef92dc96d	mcvspeaker472
0cbf440ba286339700b0fd442fe7ae6f487c27bac0cae8b9728192debee2d5240a1b9cde441550c7f2529e510671c5880d726959176557e86a5b681d28f20c78	mcvspeaker473
1d35e61d737a60638a17f4279f29f2602e20176b5e2c3e0bdad51fe1e03757af749cbc70a3ba58812465f13d8c9ecd41d6c5d407edfbfdab3dd6e605ebeac7f7	mcvspeaker474
778768557e0926e0165a057c97d0b8158a843f88392f94e90b8c312fce42580090b7418c7d3fdf45979bad3e8b8f240c5ddeba3e6131a70c16aea652a12cc941	mcvspeaker475
a3fc71870c1a6a2cf5578ad3a12afa5e1017cc73db9cba76c87f373a2570dfe9842cdca76635c955b9bfe6bbbfed7329ce28407c83f0458f86f65e375effeb90	mcvspeaker476
8f3a9c1b470d5fdea054b24fa98e30dd36233daa573b18857887efb5e443e7fa4bced2bcffc10968e8e14985f01ae87cb49dbf2595a2fedf4cfc577b98508ca1	mcvspeaker477
c19fd7c0df492ca6d8500047079ffb0db692a342ff958af658d3f35a57b2eeaa8cf84b1916352da01dd6be4fda5d10a0d50609886ef30c0d8d975a1c3bf21381	mcvspeaker478
0aaa46525aed926e599926a4ef62eae41cb997a0aa01accc24cecdfa4f3b181f45e7f5e2659bfea692c160d2e31e691fbd3f88aa2e19715c65ad383f0d4c063a	mcvspeaker479
21fedbb23621c4b836a15ceb4193e9d32d3928378deed55d6c0be68489859d7aa4593dc721b2d89c1c46bdf1a3ea5c3f9f023a9a65158426529f3e22bd91d0a7	mcvspeaker480
e6c4408e580d377dddacfb3f38b042493bbac32b26b312d72a5644efca1a8d5e5894cdc8c8b74fc2f69f3988a2ac11305b7bd568ad4bf49d8b3c0087e3f29967	mcvspeaker481
2a2ef74e4667e369f8ffcc33ff7d68fbcf10d545f6169b7f829a5acafddfbe5cd707ebca2cc76a479af0266695f495a59b93da92513e6f8d850e52da38f1c631	mcvspeaker482
bebb2055f18cc94563d2b35a48a553253edb7edaa7e51e988a4920142a78883b87866d61cf7860eae8f76aece8a32bf0cef8d6d2bca00a879e4ec157e5744174	mcvspeaker483
6ef6e07bd313c92b7af6a4d647d53dde949101d71128a5bfaf39a008e292edc05b6a63bf089007ccc276ee98ebabeff5f64dcd78f55acedfd591e20a2ec41100	mcvspeaker484
569070ea902d6364233b4d3ecd5f29f9aa4de95377f889a68cfa4f8bb5299e2f09fd5b8758befb4e3bb9b2cf31cdd0141a83f0ff8d4407a8ac6768a9eceb6fed	mcvspeaker485
fd7f33bd904eed47d8d13ba7facb78bc50466c3bb09bda7a4b2a2e5fd7f9e49298ebf4ae522607411e69e1230b854485f71bf133a1f41b030f7d05e31fdd2658	mcvspeaker486
c15ed1e908f83432322f0dc60309eb9fba4054a36517a5ce65636b06b6d769d93ccf2922640f5da74ac0b94558ff8854d945ab68fb0422e4ef345cf6183de9ab	mcvspeaker487
b81f4def38b2db08bc9f0afae5bde998199679edd32a5bc29ff23113cdde79fc0b15670f762fcee52f1a865871eac8fd529ae5dbb29e1dee3191fbc59bff6552	mcvspeaker488
574492c5f17e68e9bac63ec656ca960169ef6b69c02082daf8987e9af175d090d3313a6bd7c17c58bac3dd11ea52bf12c0ce0093da3ba0131dddbc500adadfc4	mcvspeaker489
ad69cf117c28334321e53974cc9129a791ddad2ff9be46e559dce1971a3865dd558d4dbaff395e98b04583ab4233a135675a341c83dd17e01cdc6dda495365cf	mcvspeaker490
0706a3ac46808c5afa69a90f8911f6c823b057dd30657e078dc645250bc89b47d835dd01c464ae091f8b5b1c7fc7def6e52cd1874c265240e99cd69e247693ac	mcvspeaker491
2e7803696bf0ed0054864edfd8bb47ee923fa5f0169f441c2e75194a3fec2b307f9b6ab40507b86edfd233dc73638adca2a6a3db87417f680ba8418ac15c0c9d	mcvspeaker492
10dfa6934d0b9c089d74b418d9c4e0f00382577f96e59c0ec657ed5f5b7f399fb5f4d34a6e19e0416a8cb1665ce644db5c3be6f96790ecc99e0756825e97abd4	mcvspeaker493
2fea94b316d93464ce63175b8ccb730c7781c737b8fb734b937a26b6ec64ae4bdd62724103f669b1664eea72b369911f00644d974b0a6b0eba9f98e733a0f7d0	mcvspeaker494
a2e4bace112bda62f4033342c898a0719be42480f4b403bf32cb36bc1577de7925e3b3ac2b568890c85836c7732202c81eeb176ae501379a4e987422c52be588	mcvspeaker495
36952bc4af9585a75eaa1b5c938120bd19b283b48ed6c541e5f26f2b9599e75e540deae5be86a83f20275cd175efeee619b62c707d6907b7593b8e67e463f89c	mcvspeaker496
7667921fdc69e8f423fe5255da7e5d3079e1995df8511bcbad58b833c229915f0784dc6409fe85eb7a2672a4e7bee59f4aec92f631c085984d8e330aabb3a8d4	mcvspeaker497
cb0b7c04e86bbf7ac530397a3ef26d422455e881333b6747be00da177204245821e4b9174f468fc2090d14443bca373bf825a4f8efba4340ec3aa8f7d2cfae07	mcvspeaker498
d1acbd6e2d07a58efdf5e665c2afc6cb841eb8c74869c9681b0c4c5ae75d355cfc9a32e296e0d855dc571e070b7f9003b0e8cbba13f261ed31c16915f1b83d36	mcvspeaker499
6df63f25b0f9ecff615ab264c677138ecd391ca188bca44a94ded4447ee8891ebafc9a32b2b422519d15f16c4e57a1c6626e4afecae4da3215e8a5ee562c548e	mcvspeaker500
4b0d5853d17d22c20d73ecb919c8397f1b6c0ca7e8ef74ade82a930a5b9f9f407c08729ffa359daa3e5ec865fe1d48ce3621f38fd6817dd2a904cd51f6b149c1	mcvspeaker501
2ac332d6d8529ccfa378b9814008566a4a51755a17b7ba3dc9e21f0f33344b7257658d7de486d5a90e2b8c761c9e889a32723648bc26fec4cc2a4c27a1f317b5	mcvspeaker502
fb52f4726b6386fab538934bd41ee26a35889d81d3a225c4668b8e615fac2db54ef051f0529a033c546e67022ec703b9dc2fe75af053971ae6d9a03bfc491fb3	mcvspeaker503
240b56d40be160dd597a8f58cb391b56dc412db7e5c83f332a9fba0f710eaa6814cb64674b32b6f597b3df7c402cba8dc65760c3a646bb16acb445890cab6aa0	mcvspeaker504
65a502d98df1ac0f27f93f036a8ba3f2d65d5dda5c7627ec7930a5db7a1680059de99b03e9f8e1c6afa033056c0c4acc3836c63b7b5a28f98c62d5a76a25f7a4	mcvspeaker505
6c8253829c6fcf7dd6f9a90d6604209d4a6c0b656732438abf264d1c02d8e1d47419963b9fa72db3c7311d2445dc6050e219cf636c34f6e086228fa93cf14d19	mcvspeaker506
a7444d3160a10e36943b7485909cd4e1728406bad0a1646eddeba5c2ac86f9ab4e2e26d6df8150e53cb2e7cc5a8496d828023cc50c1985470a7db1e2b556759a	mcvspeaker507
f0e2a7e632e8330d8bf62d79149804db14212c767e27c9a2721196be72f5d58bbf68d861789f9e24e9682bcef2a0cd630630fde86676815e774ffe70ba57f516	mcvspeaker508
ca3e2d593d9bc27f250590c991837f07eae27f12e9497aac26c28697ec35806fefb80d8b44e0f9372b001c0e97424645d325ecb77efd43cc729196873a3e5da6	mcvspeaker509
965cdcfde17fc4e6aa8a63f8e407f1d72633b508c849f5905b67068c21dd5d2bd0ac2675568e7f5e15f81699b8fd5b0df8dffb4ad5b413af39ed5306c1a96a48	mcvspeaker510
2229ca1eba70d1bbff290a3f3c275faf2bffac94789ffe500db6686d87397195bd4649bd39e0c3e04aa3cfcaf60481df6e110a9dc3c062358993501de70d99ff	mcvspeaker511
685cd3aa3a15e203d523bf43080c98602a519a58e18e084832f64cfbc00920acd12f40227bca2112193fca5bf97b52899c9875d810cf489a1830620d227431fa	mcvspeaker512
ef7dbcd1119058f9807101f81535758e01b910548a5ec8a89e38aab55d1463b8aeb03b5ad8ff98eb8448eda6f487fab58e5f59ebf057cd00140f56c680ff64da	mcvspeaker513
6f07b4f65327212267e9f90b18692e4ce003b6536876b10e6ffda9fd5514d4abd29cac14644f83d24f176fc05ebfcdf0ec7d301413d63513589fbfb95049c272	mcvspeaker514
e1d190636d88f6287f8f601b57e276b89fe0d033feafcb7525a1982912e44d7b5a312659b252005841d0d3c6568e06f7d9a72159fd634317fc1ed24f7629371e	mcvspeaker515
317f59eec40dd48bf2f2ffd72b440f7e556fcbe892174af4d516e3869fc4a1b55a9748e0b909e7c8692a26f6f25df6418a0e89a5cbbdf468fff650fad03b3121	mcvspeaker516
e30c79d51581445f43225ae425d30c6b7b9609c0d274c515119ec687dbb09667c4436bdaa639931cd5b8479573450e80f8b7d43539092d76096f6dd5f1c05f28	mcvspeaker517
79e0a189078881126b29954c75ebc1dabc436b2e039d8795726bccf57fe5470c74b39d99f079836d4f7b106f3546db5122f4f63ad5bb1cfd5ffe516bb64e8e6b	mcvspeaker518
8aa59fca0687f527217b38280285a8f0dbf06f8aa239800c94a1d7eda0abecf99f4dda63a3898bd4f784fb205b2deab859a44afc27b6b5fa6963484dcdbb36af	mcvspeaker519
e67756d4021e2e52ad0436d06290bdfb64e40bda09d98f132e66a8ede86c4ffaafea3f557e5cd92a7b3f63b599c88b186e532dcc644630926706dcce5795e5ba	mcvspeaker520
289b7ac4c3e6e0759f0694a11dcb16553ab35d18946e0ef493234ef7ece4882a90de9e2f994f99a11fe7612a1752a2d45d7f39db8e1bf378b892b0c24f7f6e1b	mcvspeaker521
b62a7c10ccc593ec4d96514c52caf49b91bb4a5b48444e3f6ca88c3a8011805a01d7685b9284b3d17c92dd4d6fb224b862772c58b06b3ba1d264d17669a1b2c7	mcvspeaker522
a4da71c6cda43746d5d6f2ac43dd9ba1eab607b20eb91fe93f4ff26cec65ea0c2d1884af301440dcd44cb88c10af8402b0f55d287ee846b64d230f9396611fbb	mcvspeaker523
6d571ee7f828915d17ae02b5019297656ee8afac0873d913c8e5582239e56301ecbf71f98d06cbd96a016dbde96f8bf00a967d0e13c6ef234783640418cce3d2	mcvspeaker524
747f7c0ada4186b8a178972165d787408107d1aa22ab44dec60d22d642ade2d6945c152ce978d6912030f832dceeadab56f155eacdca66c19b8e349dc1a9ea1c	mcvspeaker525
a98c6a29bbe6a7a668ffe33180ae32fb3766097a286163393ff8e2e52f46cdf3e97d74ac86cbca8f700fbeb0dd9cdfecaf22966991678825397276718c207367	mcvspeaker526
57614127500a5ab7f38b89974eca8c260ae32e4b4c31cb490b334b93de1de48c3add3f51461106dfd52ff5d4dfb53e12774ffc0e2d1b8d142b50b29d1da9a8ed	mcvspeaker527
bb64fe0f9b3cab89f75c68ea495627ed220a8875be217a136de2e2f4211d1accb5acad699e94c40a55a9fd60c81566d9507dbbe6fba4e73c2603452d188cf30f	mcvspeaker528
62566b284a6c4b26dbe3ed464c96cb024b14f53bbed6a53f5dd7b9cccc474089331d0c3a75dc5850c9f68b2c834cbdb54b6480f1436ed9b2d792aeb6aa8e391d	mcvspeaker529
a02a019ece0f9eab00a895ff110805192af8ee10d5c7c125b970fb972001a2ffff1a8e5c820ae35481a144a733573f52a9dff7030b71c3a7007c6949a1218f00	mcvspeaker530
ab7fc39b06d2d9b922d96438bb049cc485aa4984f22d985073509c0352a754191a3047bb005f8d15630f4501abaad37fba742fb36a87e99591c5a75ae4f0ff68	mcvspeaker531
20b737075bc056d4ecb91cd97130f574f4cd7d7552aebb00d3dfbdc43f10878ef4ba180bc6d70d76cfab6ff4e5ed35f214cbec3d7e5c22c0bc11295e0eed4d50	mcvspeaker532
da4bd5bc7a79e8f1140a50f2abecb7311ca2aa154f7fc5787b4b4956d5fb6bf3e9cef15b501cf9ba7c4598a014627aafe5f0a372eca6b867ddc8493ba5dae292	mcvspeaker533
0c6836500b04587b3384b803dabb994898b69068e50684e0c100ef7cc385697f24a5f63dc0d01cbe208dd2c8db2d516ee9b04dc9f8d05411f777999cb1eea078	mcvspeaker534
163278c8187471eeb515101612cd9cf4a4fe44c76a01e9ca2018fd8cfd558b6a62df3c343d54fcefdabb402d9f2c31bdf915b4f719030ad65c318ddf73fbad05	mcvspeaker535
6622032a09c9f7e0fbb3bddc0a33304509ca3f33ec79fe2d9034eb22d9e92d09170f736622659283a99fbcd6f1648daf86e4205308c98d932d93b8d9bd0faa6a	mcvspeaker536
8b8bccd262e67420c1bcc50242c7de7608080513060e5e930c84602987ae61a77d73d0166dbc53807cbb7615ba7f93cfc27be9555310395e720d6f81e5369b61	mcvspeaker537
5112269fd3c3089886c4e497d3266adebf7160d33a5f6d309eda0beddfaa95c1992a9b523379b38628fe860f25eb65e1540a3f199dc76696ce60a64b2bb682c5	mcvspeaker538
320135545c993e5bd96c5582b0c8507acb84eba10c08bf57c70735e376c4dc5a2b5a78f50761148271aa456ff5aac251f1ba843e4096791dff42f6b3939820cc	mcvspeaker539
3fbab2adedc04a3b06e759fbcbb73041e5e575687924c06d722f06c0c42d01aa54b5bdfbafdda413a25ca1a3b57cc49f1395216dc092362e7ae7c3e6eb60a3e5	mcvspeaker540
9c619ad1ce6bba8661c0ae7ab4b8bc71f197d6b13f271f644ec4ad2d80e3c2a6156c0d9b42822bbed9b1b45ef97e369ea23ec7da73c5ee49a2be27d146afe33f	mcvspeaker541
d0b047eee0628d1b8e871bc3d13f9ee6435630e377ecf884dfc0b6dc9368644e1828b2841947f22baac1216d80b2aa93b6fc1da3326c7fbedd770124ca112a68	mcvspeaker542
c36bc38d7716759dcc61ece755064f4f717d2f283954433a7d6ab84f4b6aa1b050b432a77648bcad6f8db8e76b9ecf70803952423b8b002e2dfa976681ee36dd	mcvspeaker543
4592bac8528b5d8424c5df5c25b205b51c345ccafe01db3a547d673b2b78bb254d87986a68d804bdf49eeea941ae63b9a07e28247522de6ed1484e41ee945a97	mcvspeaker544
c3d49c9894440bc8ad13ba90cd9c996d902dcd1aa4b49e6ae9558eb980b47d22e659be9e0ba26189547dad17bd452b7385b8b45e7f70e6adc5204126bd3cd91b	mcvspeaker545
5e149df56b4c2aaaf67d5d1356a77813a4fb6a1b870a42af093155a2e19398b99ffb78a0f7d30fab8572ee9fedbb0466990a189d570522ad3bbabba124274327	mcvspeaker546
3e8e4c3b22da32981a23e369b6e836bd3c651a3d356892a7dd048eed71d9b5b68b2da8f67c0033604828998a35768a9435676c8e7a5bbcee1a24a5fa1dc3a381	mcvspeaker547
334394132474840ee2fb1ae8ffa9c7cbcd6ae1a514e8a61ea5da7e857bd3d945ab9c768b3fd7d8d6ff55106c6e56be19adabd9f5481054f014e4815e917a9940	mcvspeaker548
b1db62f141c0d722638d7124beb1e27b933b52ebf5c91004259adf58663663a7f9f93ef3f95ab4b16339a8beed7eb2bff93bb7d32c986714966cc49f2d79dd57	mcvspeaker549
8f733254d239cb57ec7ccea4c809804f76aa4b9b746261a438612fc14ee4448b20170991ceae76200c7f0d75f8614e363f4c020aa484d1edae5893ae91949ccb	mcvspeaker550
aec3bffa6d9fcc1f55f2062c653cb2c26a8486ffc8839111e67792dd88a8a61718c2a54703d15fba6831b5aa464e49053ed9ea735844c5553d16859fb1d47fa8	mcvspeaker551
3da9aa75aba1f0a7124f2284342a9f98690c0037ce0390fb77c1bec83c2d340a4831ea10a27676edeb7c26ddb590e560d6b3631c004e19d6c2d3e6d3c50c4a3a	mcvspeaker552
9cbec3825873997b8fd9a5bc35a6ebf6e47d565be0109bb1275762cb2ce81a5f3c8c84e7d9ed5a585fa7c5039c922fcbc4aad67e40f52d8322f54c53389a6628	mcvspeaker553
cc2c52b80ff30f224c20ec0dfb5f95a2f9fe19deb87888290240d53e3346b5218cf7a4772ac44c65c09949027b15ba7b34e91112a27422ad4b81c6143be651e1	mcvspeaker554
db9d8b559aecf429bcef4f633b25264361b3d45d6b335b26d489ce496dc881aab66dadd6e551776e61f3a46e4f9734dd97f7dac2be1e65d9f6496128f1293efc	mcvspeaker555
f37be1a3c455cdde3b009883ea372391cc54e658a5246c8bf86a5b8e4518974367e2dc81a54c406d4513ccd4f93a9582cde5c750a214fd25ea488d62d29e2edd	mcvspeaker556
89a61961091ec1e86f4d8a5edc9536db07e41cc0d6aac0600476e7ba980129d99f7977368ccf86bd538eae80bfdde92e920df990f698a23c9e142edba895e21a	mcvspeaker557
c0a445a0fee78308d0f0ada97af768d81cb6a08acfd88a97a684e4edcdba082a5f8decaae68d1b7a272ace16b7a219e55735327100f76980b32f8634bd515495	mcvspeaker558
73f0ec43d86a00e0613a5aab0deb37489af1ab8991d4dc86addc670d9f746b51629ad3ee88815f04044c9dd4ed79e903d129afc40cf56185af519f2af0ff65c1	mcvspeaker559
2190fb94b4ba949a0d389f01aff21662c732717515806f7f41fa923b1e86574362560e0fddd137f40e2f5d04c11aa7a7c3bd209bb74d2ef138771982d170fad9	mcvspeaker560